Water Control Zone,Station,Dates,Sample No,Depth,Chlorophyll-a (μg/L),Volatile Suspended Solids (mg/L),Unionised Ammonia (mg/L),Turbidity (NTU),Total Phosphorus (mg/L),Total Nitrogen (mg/L),Total Kjeldahl Nitrogen (mg/L),Total Inorganic Nitrogen (mg/L),Temperature (°C),Suspended Solids (mg/L),Silica (mg/L),Secchi Disc Depth (M),Salinity (psu),Phaeo-pigments (μg/L),pH,Orthophosphate Phosphorus (mg/L),Nitrite Nitrogen (mg/L),Nitrate Nitrogen (mg/L),Faecal Coliforms (cfu/100mL),E. coli (cfu/100mL),Dissolved Oxygen (mg/L),Dissolved Oxygen (%saturation),Ammonia Nitrogen (mg/L),5-day Biochemical Oxygen Demand (mg/L)
Deep Bay,DM1,1986/2/14,1,Surface Water,29,N/A,N/A,8.8,0.92,N/A,4.6,N/A,19.4,57,N/A,N/A,26.9,N/A,8.1,N/A,N/A,N/A,110,110,N/A,114,N/A,1.5
Deep Bay,DM1,1986/2/14,1,Middle Water,N/A,N/A,N/A,N/A,N/A,N/A,N/A,N/A,17.9,N/A,N/A,N/A,23.4,N/A,N/A,N/A,N/A,N/A,N/A,N/A,N/A,120,N/A,N/A
Deep Bay,DM1,1986/2/14,1,Bottom Water,N/A,N/A,N/A,N/A,N/A,N/A,N/A,N/A,17.8,N/A,N/A,N/A,24.1,N/A,N/A,N/A,N/A,N/A,N/A,N/A,N/A,118,N/A,N/A
Deep Bay,DM1,1986/5/7,1,Surface Water,4.5,N/A,N/A,38,1.4,2.95,2.4,N/A,26.3,26,N/A,N/A,17.6,<0.2,7.6,N/A,0.15,0.4,780,560,3.1,43,N/A,2.3
Deep Bay,DM1,1986/8/7,1,Surface Water,7.6,1.5,0.033,13,0.45,1.2,0.9,0.57,30.8,10,0.7,N/A,14.1,3.3,8.2,0.279,0.024,0.279,30,30,6.3,91,0.27,2.8
Deep Bay,DM1,1986/10/3,1,Surface Water,4,2.5,0.006,40,0.64,1.94,1.5,0.6,25.8,18,4.3,N/A,22.2,<0.2,7.9,0.38,0.16,0.279,300,270,5.1,71,0.16,1.1
Deep Bay,DM1,1986/12/18,1,Surface Water,3.1,11,0.043,59,2.1,4.91,4.2,4.61,19.3,78,5,0.3,24.8,2.8,7.6,1.1,0.589,0.119,38000,38000,3.4,45,3.899,4
Deep Bay,DM1,1987/2/12,1,Surface Water,1.1,3,0.001,21,2.6,5.95,1.8,4.19,21.5,15,4.6,N/A,24.5,1.2,7.4,0.85,0.55,3.6,1300,1300,3.6,48,0.038,2.4
Deep Bay,DM1,1987/4/30,1,Surface Water,<0.2,1.5,0.001,25.3,0.59,2.08,1.1,0.99,25.7,13,4.9,N/A,17.9,6.8,7.8,0.479,0.02,0.96,20,10,5.1,75,0.008,1.5
Deep Bay,DM1,1987/4/30,1,Bottom Water,2.9,2,0.02,25.4,0.59,2.12,0.99,1.82,25.5,15,4.5,N/A,18.5,4.9,7.8,0.44,0.033,1.1,90,80,5.2,77,0.69,1.4
Deep Bay,DM1,1987/6/11,1,Surface Water,3.2,2,0.015,18,0.53,1.27,1.2,0.97,25.9,5.5,6.1,N/A,15.4,0.6,7.5,0.52,0.02,0.053,3700,3500,4.8,65,0.899,1.4
Deep Bay,DM1,1987/9/17,1,Surface Water,5.3,9.5,0.189,87,2.2,5.94,5.4,4.54,29.7,60,9.3,N/A,14,17,7.8,1.2,0.23,0.31,>200000,>200000,1.2,17,4,4.7
Deep Bay,DM1,1987/10/13,1,Surface Water,7.7,5,0.072,63,1.7,5.99,5.1,5.19,28.3,26,11,0.3,13,3.7,7.4,1.4,0.51,0.38,36000,36000,2.1,30,4.3,3.7
Deep Bay,DM1,1987/12/28,1,Surface Water,10,6.5,0.152,73,16,18.05,18,14.05,20.4,25,8.8,N/A,16.1,4.4,7.4,2.9,0.026,0.019,N/A,N/A,0.5,6,14,9.3
Deep Bay,DM1,1988/1/22,1,Surface Water,1.1,15,0.001,92,1.3,1.26,0.85,0.43,18.4,88,4.9,N/A,24.7,0.3,7.6,0.7,0.22,0.19,9800,7300,3.1,38,0.02,1.4
Deep Bay,DM1,1988/2/25,1,Surface Water,1,6,0.022,14.5,0.38,2.09,1.5,1.55,18.2,15,2.1,N/A,29.2,2,7.9,0.34,0.15,0.44,100,100,7.2,93,0.96,1.9
Deep Bay,DM1,1988/3/11,1,Surface Water,1,12,0.02,6,1.3,4.73,4,3.53,15.9,27,2,N/A,27.5,1.8,7.5,0.96,0.26,0.47,2600,2600,7.2,85,2.8,1.3
Deep Bay,DM1,1988/4/14,1,Surface Water,11,7,0.06,100,2.4,8.31,7.9,6.91,19.9,46,6.6,N/A,20.6,4.6,7.4,1.6,0.079,0.33,110000,100000,2.5,31,6.5,4
Deep Bay,DM1,1988/5/20,1,Surface Water,3.7,2.5,0.058,24,0.62,2.77,1.9,2.17,28.2,21,5.3,N/A,16.9,1.3,7.8,0.51,0.19,0.68,1200,1200,4.7,74,1.3,1.6
Deep Bay,DM1,1988/6/7,1,Surface Water,16,5,0.111,22,1.8,7.28,6.5,6.28,27.7,15,10,N/A,15.8,7.7,7.5,1.6,0.22,0.56,11000,11000,3.4,46,5.5,3.5
Deep Bay,DM1,1988/7/14,1,Surface Water,4,3.5,0.05,23,0.63,2.5,1.7,2,29.6,17,7.7,0.6,14.1,2.3,7.8,0.58,0.23,0.57,3900,3600,3.8,55,1.2,1
Deep Bay,DM1,1988/8/8,1,Surface Water,14,8,0.147,45,1.3,5.25,4.4,4.45,30.5,48,7.7,0.1,12.7,7.5,7.7,1,0.2,0.65,100,90,2.1,30,3.6,2.7
Deep Bay,DM1,1988/9/12,1,Surface Water,41,6,0.116,26,0.58,2.73,1.5,1.91,30,30,2.9,0.4,9.4,8,8.4,0.35,0.41,0.82,N/A,N/A,8.1,114,0.68,2.5
Deep Bay,DM1,1988/10/10,1,Surface Water,5.1,3.5,0.074,4.9,0.41,1.84,1.3,1.34,25,9,3.5,1.2,25.1,1.3,8.3,0.33,0.16,0.38,1,1,7.2,102,0.8,2
Deep Bay,DM1,1988/10/10,1,Bottom Water,7.3,2.5,N/A,N/A,0.4,1.78,1.2,1.37,N/A,9,3.4,1.2,N/A,1.4,N/A,0.34,0.16,0.42,1,1,N/A,N/A,0.79,1.8
Deep Bay,DM1,1988/11/24,1,Surface Water,5,27,N/A,100,1.2,4.68,4,3.78,18.9,210,5.4,0.5,26.1,6.7,N/A,0.68,0.22,0.46,2700,2600,5.5,70,3.1,5.5
Deep Bay,DM1,1988/12/9,1,Surface Water,2.3,19,0.053,100,1.1,4.14,3.5,3.74,17,160,5.6,N/A,23.6,5.8,7.8,0.73,0.22,0.42,6500,6000,5.2,62,3.1,2.4
Deep Bay,DM1,1989/1/13,1,Surface Water,1.9,25,0.047,208,1.4,6.58,6.2,5.18,14.6,23,6,N/A,22,6.5,7.6,0.97,0.16,0.22,26000,24000,5,56,4.8,3
Deep Bay,DM1,1989/2/17,1,Surface Water,3.2,3,0.085,14,0.87,4.38,3.7,3.88,17.5,14,4,0.7,26.4,5.9,8,0.75,0.21,0.47,1900,1900,6.6,82,3.2,5.5
Deep Bay,DM1,1989/3/14,1,Surface Water,9.3,17,0.055,360,0.97,5.5,4.8,4.4,19.2,150,4.9,0.8,18.3,5.3,7.7,0.81,0.25,0.45,3500,3200,4.3,53,3.7,4.3
Deep Bay,DM1,1989/4/14,1,Surface Water,2.5,2.5,0.087,18.5,0.83,4.86,3.9,4.26,22,13,6.7,N/A,19,0.5,7.8,0.74,0.2,0.76,11000,9000,6,72,3.3,1.5
Deep Bay,DM1,1989/5/12,1,Surface Water,6.1,2.5,0.027,20,0.34,2.71,1.4,1.91,29.2,8.5,5.6,0.3,15,5.6,7.8,0.28,0.11,1.2,100,100,5.5,79,0.6,1.2
Deep Bay,DM1,1989/6/12,1,Surface Water,24,6,0.171,65,1.6,6.22,5.9,4.62,25.8,61,9.3,0.2,8.7,14,7.8,1.2,0.11,0.21,56000,52000,3,39,4.3,6.2
Deep Bay,DM1,1989/7/20,1,Surface Water,2.5,3.5,0.092,22,0.35,1.87,1.3,1.38,27.8,20,5.3,N/A,16.8,1,8.3,0.31,0.15,0.42,1100,1100,4.8,67,0.81,1.7
Deep Bay,DM1,1989/8/18,1,Surface Water,20,6.5,0.251,20.5,0.69,3.04,2.5,2.34,30.5,23,4.5,0.5,15,4,8.3,0.53,0.21,0.33,300,1,4.8,68,1.8,3.9
Deep Bay,DM1,1989/9/18,1,Surface Water,0.5,6.5,0.059,36.5,0.55,2.85,2.6,1.45,26.4,38,2.9,0.2,21.6,2.1,8,0.4,0.11,0.14,6500,5900,2.5,35,1.2,1.3
Deep Bay,DM1,1989/10/16,1,Surface Water,4.6,7,0.085,39,0.53,2.48,1.8,2.18,26.1,38,4.2,0.5,26,2.2,8.1,0.49,0.26,0.42,800,700,4.5,66,1.5,1.2
Deep Bay,DM1,1989/11/13,1,Surface Water,13,6,0.077,44,0.54,3.27,2.5,2.87,23,40,5.8,0.4,23.5,2.8,8,0.44,0.3,0.47,900,800,7.4,99,2.1,1.1
Deep Bay,DM1,1989/12/11,1,Surface Water,17,5,0.126,30.5,1,6.52,6,4.32,18.7,29,4.3,0.5,26.9,1.9,8.1,0.75,0.19,0.33,1200,1100,6.4,83,3.8,5.4
Deep Bay,DM1,1990/1/12,1,Surface Water,5.1,4.5,0.03,50,1.1,6.38,5.7,5.28,19.3,34,5.8,0.5,24.5,2.4,7.3,0.9,0.22,0.46,11000,11000,3.3,40,4.6,3.2
Deep Bay,DM1,1990/2/12,1,Surface Water,2.9,9,0.012,50,1,2.91,2.3,2.11,18.7,87,1.9,0.3,24.8,2.1,7.4,0.42,0.2,0.41,11000,11000,5.2,61,1.5,3.2
Deep Bay,DM1,1990/3/16,1,Surface Water,1.1,5,0.003,39,0.56,3.82,2.2,2.12,20.4,50,4.6,0.4,24,2.3,7.3,0.42,1,0.62,900,800,5.4,66,0.5,2.1
Deep Bay,DM1,1990/4/17,1,Surface Water,1.3,6.5,0.008,36,0.41,3.49,2.5,1.58,21,38,5,0.4,18.1,1.3,7.6,0.31,0.2,0.79,4200,4000,5.8,72,0.59,1.6
Deep Bay,DM1,1990/5/14,1,Surface Water,1.1,2,0.046,19,0.93,6.63,5.9,4.23,27.3,16,5.7,0.8,16.8,0.6,7.3,0.52,0.18,0.55,5300,4700,2.6,37,3.5,1.1
Deep Bay,DM1,1990/6/15,1,Surface Water,1.1,2,0.001,18,0.48,1.65,1.4,0.27,31.3,17,6.9,1,11.6,1.2,7.8,0.39,0.051,0.2,100,100,5.4,83,0.023,0.5
Deep Bay,DM1,1990/7/13,1,Surface Water,1.1,15,0.087,600,0.38,3.79,2,2.68,31.4,160,8.1,0.2,6.6,5.5,8.1,0.3,0.69,1.1,1400,1400,4.5,69,0.89,3.1
Deep Bay,DM1,1990/8/10,1,Surface Water,0.3,10,N/A,94,0.52,3.05,1.2,2.3,N/A,90,7.4,0.2,14,3.5,8.1,0.35,1,0.85,300,300,N/A,N/A,0.45,3.5
Deep Bay,DM1,1990/9/25,1,Surface Water,4.5,1.5,0.135,18,0.88,4.76,3.7,4.56,30.7,12,7.5,0.4,14.5,2.6,7.7,0.71,0.28,0.78,1100,900,5.7,88,3.5,0.8
Deep Bay,DM1,1990/10/19,1,Surface Water,14,1,0.068,14,0.95,5.28,4.4,3.98,26.5,12,5.3,0.5,22.8,0.3,7.6,0.71,0.33,0.55,500,300,11,155,3.1,1.5
Deep Bay,DM1,1990/11/19,1,Surface Water,3.2,3.5,0.048,18.9,0.96,3.29,2.6,2.69,24.3,30,5.6,0.5,22.3,1.8,7.7,0.49,0.25,0.44,15000,15000,4.5,60,2,2.5
Deep Bay,DM1,1990/12/18,1,Surface Water,2.1,12,0.095,20,2,11.74,11,10.44,19.7,39,6.3,0.4,24.4,2.9,7.5,1.2,0.33,0.41,110000,98000,4.7,80,9.7,5.6
Deep Bay,DM1,1991/1/21,1,Surface Water,3.7,8.5,0.089,89,2.4,12.32,12,11.32,18,97,6.8,0.1,19.6,4.1,7.4,1.3,0.098,0.22,68000,68000,0.7,8,11,14
Deep Bay,DM1,1991/2/25,1,Surface Water,9.6,6,0.061,12,1.1,7.55,6.8,6.55,16.7,23,3.8,0.8,23.9,3.5,7.6,1.1,0.28,0.47,36000,33000,10.4,116,5.8,2.6
Deep Bay,DM1,1991/3/18,1,Surface Water,2.1,4.5,0.027,31,0.66,7.51,7,2.41,20.1,32,2.6,0.4,24.7,5.3,7.6,0.38,0.17,0.34,1700,1600,8.3,102,1.9,1.9
Deep Bay,DM1,1991/4/18,1,Surface Water,4.8,9.5,0.008,95,0.36,1.16,0.29,1.07,24.9,100,3.8,0.1,19.7,4.5,7.9,0.25,0.096,0.77,150,150,5.8,78,0.2,1.3
Deep Bay,DM1,1991/5/20,1,Surface Water,16,4.5,0.076,31,2.31,4.96,4.2,4.75,27.6,26,5.41,0.4,20.9,6.5,7.5,0.954,0.359,0.401,6800,6200,4,59,3.99,2.9
Deep Bay,DM1,1991/6/14,1,Surface Water,2,4,0.012,30,0.25,1.81,1.27,0.9,27.1,37,4.78,0.6,10.1,3.6,7.7,0.197,0.089,0.448,2300,2100,5.3,70,0.362,0.8
Deep Bay,DM1,1991/7/15,1,Surface Water,45,10,0.076,45,0.49,1.77,0.82,1.61,26,77,0.19,0.4,12.1,28,8.3,0.322,0.296,0.652,3900,2700,7.1,94,0.663,3.7
Deep Bay,DM1,1991/8/29,1,Surface Water,15,28,0.034,160,1.02,4.96,2.64,2.89,27,250,0.16,0.4,14.4,39,8,0.47,1.83,0.492,21000,18000,3.3,45,0.572,2.9
Deep Bay,DM1,1991/9/24,1,Surface Water,5.1,3,0.029,30,0.51,1.72,1.3,1.6,26.2,28,1.7,0.5,25.1,5.2,7.7,0.437,0.203,0.214,800,800,3.7,53,1.18,0.4
Deep Bay,DM1,1991/11/8,1,Surface Water,67,13,0.175,55,1,4.91,4.2,4.5,23.7,66,1.7,0.4,29.5,43,8.1,0.827,0.341,0.364,4600,3800,8.7,116,3.79,5
Deep Bay,DM1,1991/12/9,1,Surface Water,4.5,4.5,0.049,33,0.75,3.33,2.9,3.29,20.9,39,2.7,0.4,28.7,6.1,7.7,0.443,0.149,0.28,1000,800,10.4,126,2.86,1.8
Deep Bay,DM1,1992/1/7,1,Surface Water,0.3,4.5,0.018,28,1.1,8.52,7.97,7.09,17.2,33,6.51,0.4,20.1,1.8,6.2,0.78,0.355,0.194,100000,60000,5.9,67,6.54,3.4
Deep Bay,DM1,1992/2/10,1,Surface Water,<0.2,2,0.022,11,0.79,4.01,3.62,3.85,9.8,12,1.86,0.9,24.9,1.7,7.6,0.485,0.17,0.22,4000,3500,6,82,3.46,2.5
Deep Bay,DM1,1992/3/25,1,Surface Water,0.5,4.5,0.001,32,0.4,2.44,0.66,1.83,21,38,4.24,0.5,22.7,0.4,8,0.128,1.46,0.319,14000,14000,7.4,92,0.046,1.1
Deep Bay,DM1,1992/4/22,1,Surface Water,<0.2,2,0.01,14,0.24,1.48,0.52,1.2,23.7,16,5.1,0.6,15.7,1.1,7.9,0.113,0.28,0.679,2000,2000,6.1,80,0.237,0.9
Deep Bay,DM1,1992/5/22,1,Surface Water,1.1,2,0.041,13,0.9,2.72,2.05,2.68,25.3,17,6.29,0.5,12,0.4,7.6,0.375,0.081,0.592,5000,4500,3.5,50,2.01,1
Deep Bay,DM1,1992/6/19,1,Surface Water,0.5,5.5,0.031,24,0.76,2.67,1.93,2.23,28.9,31,7.67,0.4,6.7,5.8,7.5,0.356,0.156,0.581,9000,9000,4,55,1.49,1.1
Deep Bay,DM1,1992/7/20,1,Surface Water,<0.2,6,0.005,32,0.9,2.72,1.58,2.57,28,40,6,0.2,6.1,5.2,6.7,0.093,0.101,1.04,8500,8000,2.8,38,1.43,1.7
Deep Bay,DM1,1992/8/17,1,Surface Water,2.1,5.5,0.028,37,0.45,3.57,2.5,2.66,29.7,20,3.88,0.2,17.3,1.6,7.4,0.24,0.322,0.744,1000,1000,3.4,49,1.59,2.2
Deep Bay,DM1,1992/9/16,1,Surface Water,0.5,3.5,0.054,45,0.64,5.51,2.76,4.6,30.8,36,7.22,0.4,14.3,8.8,7.6,0.054,0.682,2.07,3700,2800,2.7,40,1.85,1.5
Deep Bay,DM1,1992/10/12,1,Surface Water,8.5,4.5,0.042,30,0.54,3.56,3.2,2.82,20.4,38,4.8,0.3,23.4,5.7,7.7,0.209,0.097,0.258,500,500,5.5,70,2.46,1.9
Deep Bay,DM1,1992/11/11,1,Surface Water,<0.2,5.5,0.02,35,0.92,5.03,3.34,4.85,12.7,68,5.41,1.4,24.6,0.5,7.5,0.194,0.211,1.48,4000,4000,6.7,74,3.16,1.2
Deep Bay,DM1,1992/12/8,1,Surface Water,2.6,4.5,0.077,22,0.9,7.18,6.4,6.52,17.8,24,5.69,0.4,24.1,2,7.7,0.873,0.223,0.557,6000,4000,5.3,59,5.74,3.9
Deep Bay,DM1,1993/1/12,1,Surface Water,<0.2,9.5,0.013,37,0.79,7.41,3.66,5.1,20.3,94,4.41,1,26,1.9,7.5,0.439,0.002,3.75,1400,1300,7,87,1.35,2.8
Deep Bay,DM1,1993/2/25,1,Surface Water,0.4,3.5,0.001,28,0.79,5.64,0.77,4.91,16.1,30,4.09,0.5,25.8,<0.2,7.5,0.673,1.31,3.56,2300,2000,6.7,71,0.043,1.3
Deep Bay,DM1,1993/3/12,1,Surface Water,N/A,N/A,N/A,110,N/A,N/A,N/A,N/A,20.9,N/A,N/A,0.2,28.1,N/A,7.8,N/A,N/A,N/A,200,200,6,70,N/A,1.4
Deep Bay,DM1,1993/4/26,1,Surface Water,0.4,5,0.002,38,0.17,1.77,0.28,1.54,23.7,36,4.59,0.4,16.8,1.1,7.9,0.101,<0.002,1.49,390,310,6.6,87,0.045,1.2
Deep Bay,DM1,1993/5/10,1,Surface Water,0.4,3.5,0.001,37,0.36,3.6,0.57,3.03,26.1,30,7.07,0.5,10.5,0.7,7.5,0.207,0.449,2.58,24000,23000,3.6,50,<0.005,1.5
Deep Bay,DM1,1993/6/7,1,Surface Water,0.9,3,0.001,24,0.45,3.61,0.48,3.14,29.2,22,7.39,0.2,9.2,2.2,7.7,0.369,0.004,3.13,3600,3400,2.8,39,<0.005,1.2
Deep Bay,DM1,1993/7/21,1,Surface Water,1.4,1,0.001,32.2,0.25,2.14,0.42,1.74,29.3,5.5,0.2,0.5,10.1,6.1,6.7,0.243,0.195,1.52,490,490,2.8,42,0.025,1.9
Deep Bay,DM1,1993/8/31,1,Surface Water,9.7,1.5,0.097,10.1,0.23,2.82,0.82,2.66,29.5,18,0.11,0.5,15.6,8.1,8.4,0.217,0.67,1.33,1100,1000,7.6,113,0.658,3.7
Deep Bay,DM1,1993/9/29,1,Surface Water,2.3,6.9,0.008,20,0.22,5.42,0.98,5.02,27.3,41,8.74,0.4,3.3,3,7.3,0.114,1.56,2.88,14000,10000,1.5,19,0.581,1.3
Deep Bay,DM1,1993/10/15,1,Surface Water,63,5.9,0.154,40.7,0.38,5.24,4.9,2.86,26.6,29,3.2,0.5,16.9,18,8,0.233,0.129,0.213,170000,100000,6.5,89,2.52,4.2
Deep Bay,DM1,1993/11/15,1,Surface Water,8.7,2.9,0.03,6.4,0.4,5.26,4.68,3.68,23.9,20,6.21,0.5,18.4,4.4,7.3,0.3,0.139,0.445,12000,11000,4.5,60,3.1,1
Deep Bay,DM1,1993/12/13,1,Surface Water,2.7,3.5,0.057,14.4,1.09,7.27,7.04,5.23,19.9,26,6.4,0.4,22.9,1.8,7.5,0.498,0.073,0.159,59000,54000,3.7,46,5,2.4
Deep Bay,DM1,1994/1/26,1,Surface Water,1.1,3.7,0.052,16.3,0.77,6.93,6.57,5.15,15.6,29,5.4,0.5,23.4,3.1,7.7,0.503,0.122,0.235,4200,4000,3.9,45,4.79,3
Deep Bay,DM1,1994/2/23,1,Surface Water,0.3,4.8,0.046,14.4,0.53,4.73,4.14,3.56,18.2,40,3.64,0.3,25.7,3.2,7.7,0.378,0.13,0.464,5600,5300,6.1,75,2.97,1.9
Deep Bay,DM1,1994/3/16,1,Surface Water,0.5,9.6,0.026,19.2,0.58,4.73,3.75,4.22,16.2,64,4.16,0.5,26.3,0.9,7.5,0.391,0.236,0.739,1600,1500,5.9,70,3.24,0.8
Deep Bay,DM1,1994/4/14,1,Surface Water,2.7,4.1,0.041,8.5,0.39,3.73,3.11,2.94,21.9,18,1.43,0.5,21.8,2.9,7.7,0.434,0.163,0.452,540,440,5.5,71,2.32,1.1
Deep Bay,DM1,1994/5/12,1,Surface Water,0.9,7.2,0.042,14,0.49,2.98,2.16,2.23,28.8,43,4.23,0.3,20.4,9.8,7.7,0.391,0.159,0.659,120,110,3.6,52,1.41,2.1
Deep Bay,DM1,1994/6/15,1,Surface Water,2.8,17,0.031,70.7,0.48,2.97,1.6,2.05,28.8,85,7.78,0.2,7.9,3.3,7.8,0.166,0.292,1.08,780,760,4.9,66,0.674,1.5
Deep Bay,DM1,1994/7/13,1,Surface Water,0.2,4.7,0.036,43,0.45,4.31,3.25,2.99,29.9,40,9.91,0.5,6.4,6.9,7.4,0.288,0.52,0.541,5500,3900,5.2,72,1.93,1
Deep Bay,DM1,1994/8/11,1,Surface Water,4.9,8.6,0.013,37,0.28,3.29,2.75,2.47,28,71,9.08,0.2,0.9,3.6,7,0.093,0.124,0.417,17000,12000,N/A,N/A,1.93,1.6
Deep Bay,DM1,1994/9/22,1,Surface Water,3.8,7.3,0.11,22.8,0.32,3.3,2.83,3.17,28.7,33,6.58,0.4,6.8,3,7.8,0.27,0.178,0.295,1400,1400,7.4,95,2.7,1.4
Deep Bay,DM1,1994/10/7,1,Surface Water,11,4,0.047,32,0.25,2.93,2.56,2.23,27.4,33,3.49,0.4,19.3,5.1,7.6,0.201,0.11,0.259,800,700,3.5,49,1.86,1.1
Deep Bay,DM1,1994/11/21,1,Surface Water,1.3,3.9,0.151,22,0.65,9.17,8.75,8,23.5,29,4.87,0.6,20.1,2.3,7.7,0.611,0.19,0.23,5000,3300,2.6,35,7.58,0.9
Deep Bay,DM1,1994/12/19,1,Surface Water,0.2,1.6,0.045,12,0.5,4.72,4.16,4.33,18.8,11,5.28,1,22.1,1.1,7.6,0.426,0.17,0.393,1700,1500,5.3,58,3.77,0.8
Deep Bay,DM1,1995/1/19,1,Surface Water,0.7,8.2,0.057,13,0.62,6.61,6.2,5.41,17.9,38,4.8,0.4,24.7,0.5,7.6,0.53,0.13,0.28,18000,12000,3.5,41,5,1.3
Deep Bay,DM1,1995/2/17,1,Surface Water,1.1,8.8,0.056,31,0.57,6.31,6.1,3.01,16.3,57,1.3,0.5,25.1,5.7,7.9,0.44,0.084,0.13,2900,2200,6.1,68,2.8,1.5
Deep Bay,DM1,1995/3/20,1,Surface Water,1.7,11,0.031,45,0.5,6.46,5.8,4.66,17,64,4.3,0.4,22.3,2.4,7.5,0.48,0.23,0.43,5300,4900,5.1,59,4,2.3
Deep Bay,DM1,1995/4/19,1,Surface Water,1.7,3.2,0.046,27,0.64,4.89,4.3,3.89,26.4,28,5.7,0.5,18.4,1.1,7.4,0.59,0.17,0.42,900,900,3.2,39,3.3,1
Deep Bay,DM1,1995/5/18,1,Surface Water,4,11,0.039,26,0.47,3.49,3.1,3.19,25.2,43,3.6,0.5,15,0.8,7.4,0.4,0.1,0.29,1600,1100,2.7,36,2.8,1.1
Deep Bay,DM1,1995/6/15,1,Surface Water,5.3,9.6,0.077,70,0.7,5.04,4.6,4.74,28.6,80,12,0.2,10,7.5,7.4,0.48,0.19,0.25,38000,28000,2.8,39,4.3,2.9
Deep Bay,DM1,1995/7/17,1,Surface Water,1,3.6,0.04,27,0.32,4.92,4,2.72,28.9,29,8.7,0.5,6.6,1.9,7.5,0.23,0.28,0.64,9000,3000,1.9,27,1.8,1.5
Deep Bay,DM1,1995/8/18,1,Surface Water,14,4.4,0.055,21,0.57,5.3,4.9,4.5,28.6,20,14,0.4,3.5,2.7,7.3,0.43,0.12,0.28,210000,170000,0.5,7,4.1,2.8
Deep Bay,DM1,1995/9/11,1,Surface Water,12,6.8,0.095,39,0.51,5.62,4.9,4.42,31.3,60,9.8,0.2,6.9,2.7,7.5,0.43,0.38,0.34,7000,5200,1.5,23,3.7,1.8
Deep Bay,DM1,1995/10/12,1,Surface Water,2.4,9.2,0.055,50,0.37,4.73,4.1,2.83,25.3,87,6.9,0.5,14.6,2.8,7.7,0.22,0.23,0.4,11000,9000,4.9,65,2.2,1.1
Deep Bay,DM1,1995/11/9,1,Surface Water,1.9,2.9,0.041,28,0.63,5.88,5.6,5.08,22,24,6.3,0.5,19.7,1.7,7.3,0.47,0.097,0.18,14000,8000,3.1,39,4.8,1.8
Deep Bay,DM1,1995/12/11,1,Surface Water,<0.2,4.2,0.045,8.8,0.82,5.39,5,4.59,17,42,4.7,0.5,24.2,1,7.6,0.49,0.11,0.28,5800,4700,5.5,57,4.2,2.3
Deep Bay,DM1,1996/1/11,1,Surface Water,1.2,30,0.05,350,2.2,7.33,6.9,6.33,16.4,320,5.8,0.5,23.6,8.6,7.5,0.72,0.13,0.3,37000,28000,4.2,50,5.9,5.8
Deep Bay,DM1,1996/2/12,1,Surface Water,2.2,1.4,N/A,10,0.57,2.82,2.4,2.82,17.6,11,1.9,0.7,N/A,2.9,7.7,0.35,0.096,0.32,2000,1500,7.3,75,2.4,1.4
Deep Bay,DM1,1996/3/11,1,Surface Water,1.9,10,0.033,70,0.74,4.33,3.6,3.93,16.4,88,3.4,0.3,26.7,5.7,7.6,0.49,0.16,0.57,4800,4300,5.7,66,3.2,2.3
Deep Bay,DM1,1996/4/17,1,Surface Water,2,2.6,0.053,11.4,1.4,12.34,12,6.94,22.3,13,8.2,0.5,19.3,3,7.3,1.1,0.12,0.22,13000,13000,2.6,33,6.6,2.4
Deep Bay,DM1,1996/5/13,1,Surface Water,12,8,0.054,27.6,1.1,9.81,9.6,5.71,24.2,35,10,0.3,14,4,7.3,1,0.082,0.13,95000,90000,3.5,45,5.5,2.4
Deep Bay,DM1,1996/6/10,1,Surface Water,48,13,0.134,54.8,2.4,18.01,18,12.01,30.6,43,13,0.2,3.3,17,7.1,1.6,0.005,0.006,890000,700000,0.1,2,12,14.6
Deep Bay,DM1,1996/7/10,1,Surface Water,17,26,0.12,122,2.3,16.02,16,12.02,30,120,12,0.1,2,17,7.1,1.1,0.006,0.013,1300000,1100000,0.5,7,12,19.8
Deep Bay,DM1,1996/8/9,1,Surface Water,21,32,0.124,60.1,2,16.04,16,13.04,31.4,210,12,0.1,2,7,7,0.76,0.008,0.028,620000,540000,0.7,10,13,16.9
Deep Bay,DM1,1996/9/12,1,Surface Water,13,7.7,0.153,26.6,0.48,4.5,3.9,3,29.9,44,0.13,0.5,14.4,84,7.9,0.25,0.17,0.43,23000,20000,8.3,119,2.4,5.4
Deep Bay,DM1,1996/10/7,1,Surface Water,2.3,18,0.104,17.1,1.8,12.01,12,9.81,30.2,88,11,0.2,9.8,30,7.1,0.83,0.007,0.007,630000,520000,3,42,9.8,10.2
Deep Bay,DM1,1996/11/7,1,Surface Water,4.3,10,0.139,24.8,1.9,6.63,6.6,5.63,27.4,78,7.2,0.2,17.6,5.4,7.6,1.3,0.013,0.015,210000,200000,2.3,32,5.6,11.8
Deep Bay,DM1,1996/12/6,1,Surface Water,0.6,6,0.056,58.2,1.7,14.22,14,12.22,18,28,10,0.1,18.2,6,7.2,1.1,0.077,0.14,1100000,600000,3.6,42,12,14.8
Deep Bay,DM1,1997/1/8,1,Surface Water,140,12,0.155,10,0.83,5.52,4.7,4.42,16,45,1.4,0.4,21.7,32,8.3,0.44,0.2,0.62,72000,55000,14.3,165,3.6,8.7
Deep Bay,DM1,1997/2/13,1,Surface Water,0.6,13,0.016,55.6,0.6,4.36,3.8,3.66,15.1,130,3.8,0.2,23.2,7.9,7.4,0.36,0.16,0.4,23000,14000,7.1,81,3.1,3.4
Deep Bay,DM1,1997/3/13,1,Surface Water,1,22,0.03,141.1,1.3,6.46,5.5,6.26,23.6,240,7.1,0.2,22,4.7,7.1,0.76,0.22,0.74,710,670,2.4,32,5.3,5.8
Deep Bay,DM1,1997/4/11,1,Surface Water,0.4,4.5,0.072,26.5,1.2,9.55,8.5,7.25,22.9,45,7.6,0.3,14.6,1.9,7.4,0.81,0.2,0.85,1600,1500,4.7,59,6.2,1.9
Deep Bay,DM1,1997/5/26,1,Surface Water,0.4,3.6,0.013,29.6,0.39,2.82,1.9,2.52,25.7,35,6.2,0.5,15.6,2.9,7.2,0.33,0.18,0.74,1100,1100,4.2,57,1.6,0.9
Deep Bay,DM1,1997/6/6,1,Surface Water,0.7,7.8,0.008,26.6,0.6,3.79,2.7,3.39,29.5,59,5.8,0.5,10.7,2.2,6.6,0.49,0.22,0.87,2100,1800,4.1,58,2.3,0.7
Deep Bay,DM1,1997/7/7,1,Surface Water,1.5,6.6,0.003,13.6,0.53,3.72,2.7,3.02,27.2,57,8.6,0.5,3.8,4,6.4,0.32,0.2,0.82,54000,33000,4.8,62,2,1.1
Deep Bay,DM1,1997/8/4,1,Surface Water,5.2,4.4,0.012,14.6,0.32,3.59,2.8,2.69,27.1,29,7.6,0.3,2.9,3.3,7,0.19,0.12,0.67,65000,33000,2.1,27,1.9,1.8
Deep Bay,DM1,1997/9/3,1,Surface Water,3.5,7.1,0.003,43.2,0.42,3.93,3.1,3.23,29.7,66,5.4,0.3,10.9,6.2,6.2,0.25,0.38,0.45,25000,19000,1.4,20,2.4,2.8
Deep Bay,DM1,1997/10/3,1,Surface Water,1,8.9,0.012,49.1,0.46,3.5,2.9,2.9,26.1,93,5.1,0.3,21.2,8,6.5,0.28,0.18,0.42,4000,3200,4.7,65,2.3,1.2
Deep Bay,DM1,1997/11/14,1,Surface Water,7.5,5,0.047,27.5,0.74,6.87,6.4,5.17,24.8,48,5.6,0.3,21,3.1,7.3,0.51,0.19,0.28,2900,2200,2.6,36,4.7,1.6
Deep Bay,DM1,1997/12/1,1,Surface Water,2.2,3,0.023,21.4,0.84,6.63,6.1,6.03,22.6,22,7.4,0.5,18.1,3.9,7,0.71,0.19,0.34,7500,5900,4.6,60,5.5,1.2
Deep Bay,DM1,1998/1/12,1,Surface Water,1.4,10,0.068,31.6,0.93,10.52,10,7.42,20.4,90,6.6,0.3,20.9,2.8,7.5,0.67,0.2,0.32,7800,6300,4,51,6.9,2.5
Deep Bay,DM1,1998/2/11,1,Surface Water,1.9,3.4,0.01,12.7,0.54,4.75,4.1,4.35,16.9,23,3.9,0.5,25.8,2.4,6.5,0.43,0.18,0.47,24000,18000,6.9,84,3.7,1.8
Deep Bay,DM1,1998/3/16,1,Surface Water,1.1,7.5,0.013,21.4,0.52,4.65,3.8,3.95,22.6,82,5.6,0.5,18.1,2.8,7,0.26,0.22,0.63,2900,2500,4.6,60,3.1,2.9
Deep Bay,DM1,1998/4/15,1,Surface Water,0.7,13,0.004,70.6,0.88,5.04,4.5,3.94,25,130,4.6,0.3,16,13,6.3,0.5,0.16,0.38,1600,1100,2.5,33,3.4,5.2
Deep Bay,DM1,1998/5/13,1,Surface Water,1.2,3.3,0.007,21.5,0.56,3.58,2.8,2.88,29.4,29,6.7,0.3,12,1.9,6.6,0.34,0.18,0.6,700,410,2.8,39,2.1,1.6
Deep Bay,DM1,1998/6/12,1,Surface Water,0.4,4.7,0.005,23.3,0.38,3.22,2.5,2.72,27.3,44,7.4,0.5,7.8,1.6,6.6,0.24,0.13,0.59,17000,8000,3.2,42,2,1.7
Deep Bay,DM1,1998/7/13,1,Surface Water,2.6,8,0.045,26.9,0.55,3.88,3,3.18,29.5,64,8.2,0.5,4.7,2.9,7.4,0.32,0.26,0.62,1000,830,3.4,46,2.3,2.2
Deep Bay,DM1,1998/8/26,1,Surface Water,2,6.8,0.125,9.4,0.66,4.79,3.9,4.09,31.5,67,7.5,0.4,11.2,7.6,7.7,0.4,0.37,0.52,3800,1800,4.7,68,3.2,1.5
Deep Bay,DM1,1998/9/9,1,Surface Water,0.2,40,0.033,143.2,1.2,4.24,3.6,3.04,29.8,420,4.4,0.5,17.6,17,7.2,0.25,0.26,0.38,5100,2400,1.8,26,2.4,6.5
Deep Bay,DM1,1998/10/7,1,Surface Water,1.9,3.4,0.012,34.6,0.48,3.85,3.2,2.85,27.2,27,3.1,0.5,25.2,4.3,6.2,0.35,0.26,0.39,650,440,2.7,40,2.2,3.4
Deep Bay,DM1,1998/11/20,1,Surface Water,1.8,8.4,0.023,64.9,0.94,6.97,6.2,6.17,22.8,92,8.5,0.5,20.1,5.6,6.4,0.56,0.27,0.5,740,640,3.8,50,5.4,6.2
Deep Bay,DM1,1998/12/3,1,Surface Water,1.6,10,0.069,43.7,0.77,5.84,5,5.24,22.2,120,5.9,0.4,21.8,5,7.6,0.49,0.26,0.58,5800,4500,4.4,57,4.4,5.7
Deep Bay,DM1,1999/1/6,1,Surface Water,<0.2,10,0.023,41.6,1,8.35,7.8,7.95,17.8,110,6,0.1,18.7,6.2,7,0.72,0.21,0.34,19000,14000,2.9,35,7.4,4
Deep Bay,DM1,1999/2/5,1,Surface Water,1.7,9,0.047,49.4,0.96,8.31,7.8,6.41,16.1,92,5.2,0.5,22.1,4.3,7.5,0.58,0.18,0.33,2900,2500,5.1,60,5.9,3.4
Deep Bay,DM1,1999/3/8,1,Surface Water,0.5,17,0.042,66,0.76,5.31,4.1,4.41,23.3,180,4,0.1,25.1,8.6,7.5,0.43,0.36,0.85,190,110,5.2,71,3.2,6.6
Deep Bay,DM1,1999/4/8,1,Surface Water,3,5,0.054,22.3,0.5,4.14,3.2,3.94,23.2,47,3.9,0.5,26.4,3.3,7.7,0.44,0.32,0.62,130,130,4.5,62,3,2.4
Deep Bay,DM1,1999/5/7,1,Surface Water,2.3,5,0.045,20.3,0.55,4.13,3.4,3.53,23.3,47,4.5,0.5,22.6,2.2,7.6,0.47,0.26,0.47,1600,1200,4.2,57,2.8,3.7
Deep Bay,DM1,1999/6/4,1,Surface Water,31,4,0.014,15,0.22,1.87,0.72,1.28,30.6,25,5.8,0.5,14.5,6.2,8.2,0.11,0.15,1,52,16,7.7,112,0.13,4
Deep Bay,DM1,1999/7/5,1,Surface Water,12,9.8,0.039,66.9,0.75,4.43,3,3.63,30.3,58,8.1,0.3,6.7,14,7.3,0.5,0.73,0.7,2200,920,3.3,46,2.2,6
Deep Bay,DM1,1999/8/2,1,Surface Water,21,12,0.059,41.2,0.53,3.56,2.4,2.04,31.7,82,0.94,0.5,12.6,19,7.9,0.26,0.41,0.75,430,210,4.9,72,0.88,3.7
Deep Bay,DM1,1999/9/1,1,Surface Water,2.3,7.5,0.03,70.6,0.35,3.89,2.7,3.19,29.9,77,8.8,0.3,5.5,5.1,7.3,0.2,0.43,0.76,1300,850,1.8,25,2,3.9
Deep Bay,DM1,1999/10/11,1,Surface Water,3.1,10,0.027,85.1,0.45,4.1,3,3.3,28.8,72,5.9,0.7,16.8,2.8,7.2,0.3,0.34,0.76,1100,790,3.6,52,2.2,1.9
Deep Bay,DM1,1999/11/10,1,Surface Water,5.3,4.4,0.036,22.6,0.61,5.06,4.1,4.56,24,40,5.9,0.3,22.8,4.8,7.4,0.46,0.38,0.58,1800,1100,5.7,78,3.6,2.7
Deep Bay,DM1,1999/12/9,1,Surface Water,1.2,2.4,0.036,12.1,0.63,6.26,5.7,5.16,17.2,19,4.7,0.5,22.3,7.3,7.5,0.49,0.2,0.36,12000,9100,5.8,69,4.6,2.9
Deep Bay,DM1,2000/1/7,1,Surface Water,4,5.2,0.062,25.8,0.64,6.21,5.6,5.71,19.9,31,4.8,0.5,21.8,5.4,7.6,0.54,0.19,0.42,3800,2900,4.2,53,5.1,2.8
Deep Bay,DM1,2000/2/9,1,Surface Water,2.2,2.8,0.038,2.4,0.56,5.14,4.8,3.94,16.7,29,3.5,0.5,24.8,5,7.6,0.44,0.14,0.2,3300,1900,5,60,3.6,2.7
Deep Bay,DM1,2000/3/8,1,Surface Water,2,5.3,0.03,19.1,0.49,3.69,3.2,3.59,19.4,54,3.3,0.5,25.8,3.9,7.5,0.32,0.18,0.31,1200,1000,5.6,71,3.1,2.2
Deep Bay,DM1,2000/4/10,1,Surface Water,4.5,8.8,0.031,31.7,0.49,4.07,3,2.97,23,69,5.8,1,17.8,5.7,7.5,0.26,0.36,0.71,1800,1500,4.5,58,1.9,4.1
Deep Bay,DM1,2000/5/22,1,Surface Water,6,3,0.085,171.5,0.42,3.02,2.4,2.42,26.9,19,5.6,0.5,17.2,3,7.9,0.32,0.13,0.49,260,150,4.6,64,1.8,1.5
Deep Bay,DM1,2000/6/21,1,Surface Water,3.2,3.8,0.04,171.6,0.37,3.11,2.2,2.61,28.1,31,6.8,0.3,11.2,5.6,7.5,0.3,0.21,0.7,5800,2700,5,69,1.7,1.2
Deep Bay,DM1,2000/7/21,1,Surface Water,4.7,6.4,0.048,19,0.65,5.38,4.6,4.28,26.7,15,12,0.5,4.8,5.4,7.3,0.52,0.25,0.53,110000,67000,4,52,3.5,4.3
Deep Bay,DM1,2000/8/18,1,Surface Water,4.8,2.8,0.053,46.6,0.34,3.18,2.2,2.78,30.7,19,5.9,0.5,8.9,9.4,7.6,0.24,0.36,0.62,4600,2100,3.6,51,1.8,2.1
Deep Bay,DM1,2000/9/18,1,Surface Water,5.8,3.2,0.058,97.6,0.34,3.03,2.6,2.63,27.2,33,2.3,0.3,22.9,5.6,7.7,0.24,0.16,0.27,7200,4100,4.7,68,2.2,1.8
Deep Bay,DM1,2000/10/16,1,Surface Water,3.9,3.6,0.132,72.5,0.58,4.95,4.2,4.25,23.8,24,6.7,1,21.8,<0.2,7.9,0.51,0.36,0.39,5000,2300,6.2,83,3.5,1.6
Deep Bay,DM1,2000/11/13,1,Surface Water,0.9,3.8,0.017,22.6,0.56,4.73,4.1,4.23,14,27,5.6,1,22.8,1.3,7.3,0.53,0.19,0.44,11000,7000,5.4,76,3.6,2.1
Deep Bay,DM1,2000/12/13,1,Surface Water,9.7,2.8,0.053,61.3,0.98,9.72,9.4,9.52,17.7,18,7.9,0.5,18.6,6.7,7.3,0.84,0.12,0.2,230000,130000,4.7,55,9.2,5.5
Deep Bay,DM1,2001/1/11,1,Surface Water,210,2.8,0.35,209.6,0.71,5.79,5.1,4.19,17,20,1.1,0.5,23.7,210,8.6,0.4,0.21,0.48,8900,6500,8.2,99,3.5,>8
Deep Bay,DM1,2001/2/12,1,Surface Water,6,10,0.044,166.6,0.9,7.49,7.2,6.99,18.6,84,5.9,0.5,21.3,7.5,7.3,0.72,0.13,0.16,6500,6200,2.1,26,6.7,2.1
Deep Bay,DM1,2001/3/14,1,Surface Water,5.1,9,0.015,167.4,0.82,5.87,4.9,5.47,19.5,130,5.5,0.5,23.2,7.4,6.8,0.51,0.32,0.65,3200,2600,2.6,32,4.5,0.3
Deep Bay,DM1,2001/4/17,1,Surface Water,8.4,9.8,0.056,91.1,0.78,6.43,6,5.83,23.6,44,6.1,0.5,17.2,1.5,7.3,0.58,0.11,0.32,220000,200000,2.9,38,5.4,5.2
Deep Bay,DM1,2001/5/11,1,Surface Water,4,2.3,0.055,33.4,0.54,4.86,3.9,4.26,27.2,16,7.6,0.5,15,<0.2,7.4,0.49,0.28,0.68,1000,550,3.7,51,3.3,1.7
Deep Bay,DM1,2001/6/14,1,Surface Water,1.9,7.9,0.057,55.4,0.57,6.39,5.7,5.19,27.2,32,10,0.5,0.3,2,7.3,0.32,0.19,0.5,1500000,610000,0.8,10,4.5,7.7
Deep Bay,DM1,2001/7/9,1,Surface Water,1.4,3.5,0.002,35.1,0.27,3.06,2,2.66,29.4,20,8,0.5,3.9,1.4,6.2,0.19,0.36,0.7,9500,3800,4.5,60,1.6,1.4
Deep Bay,DM1,2001/8/22,1,Surface Water,9,4.4,0.18,25.4,0.37,3.69,3.1,3.19,30.8,31,4.7,0.5,11.9,12,7.9,0.27,0.26,0.33,6600,3600,2.7,39,2.6,3.2
Deep Bay,DM1,2001/9/20,1,Surface Water,2.6,9.7,0.043,53.5,0.42,4.11,3.4,3.51,29,74,7.1,1,13.4,9.5,7.3,0.3,0.33,0.38,10000,5600,1.8,25,2.8,4.2
Deep Bay,DM1,2001/10/19,1,Surface Water,3.3,4.5,0.04,100.5,0.53,5.2,4.6,4.8,25.3,30,6.5,0.5,20.6,4.8,7.3,0.46,0.35,0.25,830,490,3.5,48,4.2,2.8
Deep Bay,DM1,2001/11/16,1,Surface Water,3.1,6.6,0.035,103.1,0.56,6.04,5.5,5.14,16.6,44,5.8,0.5,23.1,2.3,7.5,0.47,0.25,0.29,6200,4700,4.5,53,4.6,0.9
Deep Bay,DM1,2001/12/14,1,Surface Water,1,6.3,0.032,44.6,0.6,5.93,5.5,5.13,17.8,39,5,0.5,23,3.3,7.4,0.49,0.15,0.28,4800,3600,3,36,4.7,2.9
Deep Bay,DM1,2002/1/15,1,Surface Water,3,9,0.113,57.6,0.68,7.19,6.4,4.19,19.5,35,1.8,0.5,21.2,36,8,0.33,0.28,0.51,12000,8200,6,74,3.4,>7.3
Deep Bay,DM1,2002/2/15,1,Surface Water,3,5.6,0.065,55.2,0.79,7.87,7.5,6.97,19,51,5.1,0.5,24,7.3,7.5,0.64,0.16,0.21,2900,2800,4.1,51,6.6,3.3
Deep Bay,DM1,2002/3/15,1,Surface Water,1.1,5.6,0.089,39.3,0.64,6.44,5.9,5.64,22,48,4.2,0.5,23.6,4.9,7.7,0.48,0.27,0.27,3600,2700,2,27,5.1,2.1
Deep Bay,DM1,2002/4/17,1,Surface Water,1.7,4,0.06,38.2,0.44,3.94,3.1,3.54,25.2,36,4.1,0.5,21.6,5.9,7.7,0.32,0.27,0.57,130,93,3.8,52,2.7,2.1
Deep Bay,DM1,2002/5/17,1,Surface Water,1.9,7.6,0.067,38.6,0.51,4.43,3.2,3.93,26.7,64,5.5,0.3,14.4,7.1,7.6,0.34,0.46,0.77,3100,2000,3.3,45,2.7,4.9
Deep Bay,DM1,2002/6/13,1,Surface Water,2.5,2.6,0.108,31.6,0.43,4.72,3.4,3.82,28.3,24,5.4,0.5,13.5,1.9,7.8,0.3,0.22,1.1,2400,1700,2.7,38,2.5,2.2
Deep Bay,DM1,2002/7/12,1,Surface Water,14,9.4,0.009,29,0.48,4.01,3.2,3.21,30.3,31,4.2,0.5,15.4,10,6.7,0.3,0.25,0.56,1200,680,3.9,57,2.4,2
Deep Bay,DM1,2002/8/14,1,Surface Water,8,11,0.115,88.1,0.41,4.19,3.4,3.29,29,91,7.6,0.5,5.9,3.8,7.8,0.27,0.34,0.45,7100,3300,2.5,33,2.5,4.8
Deep Bay,DM1,2002/9/12,1,Surface Water,1,26,0.141,326.8,0.91,7.79,7,6.49,25.4,280,9.5,0.1,11.3,16,7.6,0.46,0.39,0.4,48000,28000,3,39,5.7,9
Deep Bay,DM1,2002/10/10,1,Surface Water,2.3,13,0.079,95.1,0.54,6.62,4.9,5.52,22.8,130,8.8,0.2,15.1,5.1,7.6,0.24,0.62,1.1,13000,9900,3.6,46,3.8,6.9
Deep Bay,DM1,2002/11/22,1,Surface Water,<0.2,22,0.03,121.9,0.67,5.69,5.2,4.99,20.8,120,5.5,0.5,21.4,17,7.3,0.4,0.2,0.29,6900,5100,3.5,44,4.5,6
Deep Bay,DM1,2002/12/19,1,Surface Water,4.6,8.6,0.054,58.2,0.88,7.27,7,5.67,20.9,66,5.6,0.2,23,5.4,7.4,0.64,0.12,0.15,18000,13000,2.7,35,5.4,4.3
Deep Bay,DM1,2003/1/20,1,Surface Water,7.7,7.9,0.065,45.1,0.59,6.41,5.7,5.01,17.6,43,3.1,0.2,20.6,10,7.7,0.34,0.33,0.38,37000,24000,4.1,48,4.3,6.1
Deep Bay,DM1,2003/2/21,1,Surface Water,1.4,22,0.042,143,0.77,5.33,4.8,4.23,19.1,220,5,0.1,23.3,17,7.6,0.48,0.31,0.22,1400,800,5.2,65,3.7,6.7
Deep Bay,DM1,2003/3/24,1,Surface Water,0.8,5,0.034,32.1,0.57,5.61,4.8,5.21,18.8,38,5.4,0.5,23.7,1.8,7.4,0.51,0.29,0.52,5200,4300,2.1,26,4.4,2.9
Deep Bay,DM1,2003/4/8,1,Surface Water,1.9,4.1,0.035,34.7,0.61,5.36,4.3,4.96,22,27,6.2,0.5,20.9,2,7.4,0.57,0.42,0.64,5300,4000,2.4,31,3.9,3.9
Deep Bay,DM1,2003/5/19,1,Surface Water,1.5,4,0.028,31.2,0.21,2.29,1,2,27.8,36,4.6,0.2,13.3,2.8,7.8,0.14,0.19,1.1,380,170,3.4,47,0.71,2
Deep Bay,DM1,2003/6/20,1,Surface Water,36,7.3,0.047,40.6,0.54,6.21,5.7,5.01,29.5,35,9.2,0.2,6.8,8.2,7.1,0.31,0.19,0.32,9300,5800,3,42,4.5,3.6
Deep Bay,DM1,2003/7/18,1,Surface Water,11,17,0.079,74.6,0.65,6.4,5,5,31.8,130,4.7,0.5,7.1,25,7.4,0.37,0.73,0.67,28000,340,2.3,33,3.6,13
Deep Bay,DM1,2003/8/14,1,Surface Water,2.6,5.7,0.051,39.4,0.43,3.95,2.7,3.35,31.1,42,6.1,0.5,13.1,5.3,7.5,0.31,0.67,0.58,1700,810,2.2,33,2.1,2.8
Deep Bay,DM1,2003/9/15,1,Surface Water,5,3.9,0.121,24.2,0.53,6.24,5.6,5.14,27.9,26,7.6,0.3,10,1.1,7.6,0.35,0.3,0.34,420000,220000,2.1,28,4.5,4
Deep Bay,DM1,2003/10/15,1,Surface Water,10,4.8,0.186,50.7,0.78,8.59,8.3,6.89,24.1,23,8.6,0.2,17.2,2.4,7.7,0.67,0.17,0.12,43000,32000,2.1,28,6.6,4.1
Deep Bay,DM1,2003/11/12,1,Surface Water,3.8,8.6,0.239,49,0.92,9.95,9.5,8.35,20.7,48,7.6,0.3,17.7,4.3,7.9,0.63,0.21,0.24,10000,7300,3.2,40,7.9,4.2
Deep Bay,DM1,2003/12/10,1,Surface Water,3.8,8.2,0.215,57.1,0.77,9.49,9.1,8.29,19,49,6.2,0.5,22.8,4.4,7.9,0.64,0.19,0.2,2400,2200,2.8,34,7.9,3.1
Deep Bay,DM1,2004/1/6,1,Surface Water,71,5,0.521,23,0.86,9.29,8.9,7.79,20.1,19,4.5,0.5,21.2,18,8.3,0.67,0.17,0.22,15000,11000,5.9,74,7.4,6.9
Deep Bay,DM1,2004/2/6,1,Surface Water,5,12,0.022,35.2,0.71,8.26,8,6.16,13,52,4.3,0.5,23.8,3.8,7.3,0.49,0.093,0.17,39000,37000,2.5,28,5.9,4.3
Deep Bay,DM1,2004/3/8,1,Surface Water,2.4,19,0.06,123.8,0.7,6.33,5.5,5.43,18.5,140,4.2,0.1,24.5,9.4,7.6,0.44,0.3,0.53,2700,2300,3.9,48,4.6,6
Deep Bay,DM1,2004/4/19,1,Surface Water,16,8.6,0.084,53.4,0.85,8.1,7.5,6.7,25.5,62,7,0.3,17.2,6.7,7.4,0.62,0.21,0.39,5600,3900,2.7,36,6.1,3.8
Deep Bay,DM1,2004/5/10,1,Surface Water,2.1,3.9,0.057,34.6,0.53,5.21,4.4,4.41,26.9,30,4.9,0.5,15.2,1.9,7.4,0.42,0.21,0.6,6900,3300,7,96,3.6,2
Deep Bay,DM1,2004/6/9,1,Surface Water,17,6.9,0.086,20.1,1.1,10.16,10,8.66,28.5,21,9.3,0.3,12.8,8.2,7.2,0.86,0.06,0.1,14000,11000,1.8,24,8.5,3.8
Deep Bay,DM1,2004/7/8,1,Surface Water,9.9,7,0.297,163.8,1.2,11.62,11,8.02,29.8,130,11,0.3,6,15,7.7,0.77,0.4,0.22,37000,25000,1.6,22,7.4,7
Deep Bay,DM1,2004/8/5,1,Surface Water,2.9,18,0.189,148.2,0.75,6.37,5.3,5.67,30.6,160,9.7,0.3,7.6,6.9,7.7,0.49,0.66,0.41,1400,920,2.7,38,4.6,8.8
Deep Bay,DM1,2004/9/17,1,Surface Water,5.8,2.7,0.096,79.2,0.5,3.88,3.4,2.98,28.8,26,4.6,0.3,22.3,8.6,7.8,0.29,0.21,0.27,630,390,2.4,36,2.5,3.1
Deep Bay,DM1,2004/10/14,1,Surface Water,7.2,5.2,0.082,43.4,0.42,3.82,3.3,3.12,26,40,2.1,0.3,25.6,4.9,7.8,0.31,0.29,0.23,170,70,4.2,60,2.6,2.7
Deep Bay,DM1,2004/11/12,1,Surface Water,17,5.9,0.234,44.8,0.82,8.55,7.9,7.25,24.6,32,6.7,0.2,22.4,9.8,7.9,0.65,0.36,0.29,5000,3100,2.5,34,6.6,3.8
Deep Bay,DM1,2004/12/13,1,Surface Water,39,24,0.214,58.6,1,9.47,8.8,8.97,18.9,180,5,0.5,23.4,27,7.9,0.55,0.31,0.36,23000,16000,2.6,35,8.3,14
Deep Bay,DM1,2005/1/10,1,Surface Water,120,18,0.077,80.7,0.89,7.3,6.8,5.9,15.7,110,3.4,0.2,24.1,23,7.8,0.39,0.25,0.25,19000,17000,5.1,60,5.4,>8.1
Deep Bay,DM1,2005/2/25,1,Surface Water,1.8,4.2,0.059,25.3,0.67,6.9,6.3,6.1,16.6,25,5.3,0.3,23.8,4.5,7.6,0.55,0.27,0.33,10000,8900,2,24,5.5,3.4
Deep Bay,DM1,2005/3/11,1,Surface Water,0.6,14,0.07,47.4,0.8,6.93,6.2,6.33,19.9,130,5.6,0.5,23.1,13,7.6,0.49,0.35,0.38,13000,11000,1.3,16,5.6,7.5
Deep Bay,DM1,2005/4/13,1,Surface Water,2.1,12,0.129,56.1,0.66,6.2,4.9,5.3,21.8,74,5.5,0.5,21,7.9,7.9,0.53,0.48,0.82,3000,2200,1.3,17,4,>5.5
Deep Bay,DM1,2005/5/13,1,Surface Water,1.8,4.2,0.023,33.2,0.45,4.18,2.6,3.68,27.4,28,6.3,0.3,12.7,4.8,7.2,0.33,0.38,1.2,6200,3200,3.9,53,2.1,2.1
Deep Bay,DM1,2005/6/22,1,Surface Water,5,8.7,0.066,68.9,0.93,8.61,8.4,7.01,27.4,62,11,0.2,1.8,7.1,7.2,0.6,0.13,0.082,240000,170000,1.8,24,6.8,5.4
Deep Bay,DM1,2005/7/20,1,Surface Water,260,8.5,0.46,45,0.92,8.05,7.5,6.45,31.8,22,0.99,0.2,3.2,84,8,0.6,0.36,0.19,19000,2100,6.3,87,5.9,8.9
Deep Bay,DM1,2005/8/19,1,Surface Water,4.5,6.6,0.088,31.7,0.46,6.29,6,4.99,27.5,25,9.8,0.5,3.3,0.9,7.5,0.23,0.18,0.11,740000,360000,2,26,4.7,4.7
Deep Bay,DM1,2005/9/21,1,Surface Water,5.8,7.5,0.041,53.1,0.49,4.95,4.4,4.25,29.9,61,7.2,0.3,16.5,5.6,7.1,0.37,0.31,0.24,6700,3200,1.7,25,3.7,4
Deep Bay,DM1,2005/10/17,1,Surface Water,9.2,1.9,0.023,24.2,0.52,4.82,4.3,4.22,27.7,12,7.4,0.3,21.7,3.3,7,0.44,0.28,0.24,3300,2200,3,43,3.7,2.8
Deep Bay,DM1,2005/11/2,1,Surface Water,10,3.2,0.058,26.2,0.73,6.96,6.6,6.26,22.2,13,7.2,0.5,23.8,4.6,7.4,0.65,0.21,0.15,37000,24000,3.2,42,5.9,3.7
Deep Bay,DM1,2005/12/2,1,Surface Water,9.6,5,0.055,21.2,0.66,5.99,5.5,5.29,22.6,32,4,0.2,23.7,6.7,7.5,0.55,0.26,0.23,4500,3200,3.2,43,4.8,3.3
Deep Bay,DM1,2006/1/19,1,Surface Water,28,24,0.044,74.6,0.83,7.28,6.6,6.38,21.1,140,4,0.1,23.4,19,7.3,0.47,0.29,0.39,18000,14000,4.4,57,5.7,4.3
Deep Bay,DM1,2006/2/15,1,Surface Water,16,38,0.014,60,0.83,4.91,4,4.31,19.5,230,3.2,0.2,23.5,27,7.1,0.38,0.32,0.59,11000,10000,2.8,35,3.4,8.8
Deep Bay,DM1,2006/3/20,1,Surface Water,3.4,13,0.032,68.2,0.54,4.05,2.8,3.45,21,110,4.5,0.3,7.2,6.6,7.5,0.34,0.35,0.9,980,870,1.6,56,2.2,6.3
Deep Bay,DM1,2006/4/18,1,Surface Water,1.9,4.2,0.038,24.9,0.35,3.31,2.2,3.01,21.9,33,4.3,0.5,22.7,3.5,7.7,0.31,0.27,0.84,980,740,5.1,67,1.9,2.1
Deep Bay,DM1,2006/5/15,1,Surface Water,3.8,8.8,0.002,17.5,0.31,2.58,1.6,1.16,26.1,30,5,0.3,15.3,13,7.1,0.24,0.3,0.68,300,140,5.9,80,0.18,2.2
Deep Bay,DM1,2006/6/28,1,Surface Water,89,7.3,0.028,30.1,0.24,2.12,1.2,1.4,30.3,32,1.3,0.3,9.9,14,7.9,0.086,0.24,0.68,770,450,6.7,94,0.48,2.3
Deep Bay,DM1,2006/7/13,1,Surface Water,13,3.8,0.11,24.9,0.47,3.42,2.5,3.02,30.8,17,3.7,0.2,8.2,16,7.8,0.39,0.27,0.65,2200,700,3.9,55,2.1,2.4
Deep Bay,DM1,2006/8/10,1,Surface Water,10,3,0.107,16.2,0.43,4.3,3.9,3.8,29.6,12,10,0.2,5.5,4.2,7.6,0.32,0.17,0.23,19000,8300,3.3,45,3.4,2.6
Deep Bay,DM1,2006/9/8,1,Surface Water,6.9,2.7,0.032,20.1,0.37,4.79,4.1,4.09,29.5,16,6.9,0.2,10.6,5.6,7.1,0.29,0.25,0.44,23000,12000,1.4,19,3.4,2
Deep Bay,DM1,2006/10/9,1,Surface Water,10,3.6,0.019,41.8,0.44,4.19,3.7,3.79,27.4,31,3.3,0.3,21.1,3.2,6.9,0.3,0.25,0.24,1900,750,3.7,52,3.3,2.1
Deep Bay,DM1,2006/11/6,1,Surface Water,8,4.8,0.046,42.3,0.62,6.04,5.5,5.44,24.4,35,6,0.1,22.6,1.7,7.3,0.49,0.27,0.27,4500,3400,2.9,40,4.9,1.8
Deep Bay,DM1,2006/12/5,1,Surface Water,1.6,2.3,0.021,30,0.66,7.17,6.6,6.47,20.9,16,6.6,0.4,22.8,2.1,6.8,0.54,0.25,0.32,7800,4500,3.5,45,5.9,1.4
Deep Bay,DM1,2007/1/19,1,Surface Water,41,6.1,0.018,37.1,0.71,8.38,8,6.18,17.7,24,1.6,0.2,22.4,32,7,0.47,0.17,0.21,15000,11000,4.3,52,5.8,4.2
Deep Bay,DM1,2007/2/2,1,Surface Water,35,5.3,0.157,28,0.77,9.37,9,8.47,15.1,21,5,0.2,21.9,20,7.9,0.45,0.18,0.19,8000,7400,7.1,81,8.1,6
Deep Bay,DM1,2007/3/19,1,Surface Water,4.3,15,0.087,37.2,0.88,8.92,8.3,8.72,20.2,17,6,0.2,23.3,3.8,7.5,0.7,0.32,0.3,11000,8200,4,51,8.1,2.9
Deep Bay,DM1,2007/4/18,1,Surface Water,14,4.2,0.059,28.7,0.55,4.92,4.1,4.62,25.2,25,2.7,0.2,22.2,9.1,7.5,0.44,0.37,0.45,1100,720,5.6,78,3.8,2.8
Deep Bay,DM1,2007/5/14,1,Surface Water,10,4.5,0.16,34.1,0.79,6.12,5.5,5.22,27,31,5.5,0.2,16.6,6.4,7.7,0.62,0.27,0.35,4000,2500,2.5,35,4.6,3.8
Deep Bay,DM1,2007/6/27,1,Surface Water,58,13,0.039,36,1.3,15.02,15,10.02,31.1,32,9.8,0.2,2.5,23,6.7,0.88,0.008,0.013,330000,220000,0.2,3,10,4.4
Deep Bay,DM1,2007/7/16,1,Surface Water,27,6.3,0.013,32.4,0.57,6.64,5.5,5.24,32.3,28,6.2,0.2,5.7,19,6.5,0.45,0.73,0.41,2100,630,5.7,81,4.1,3.8
Deep Bay,DM1,2007/8/13,1,Surface Water,1.1,2.6,0.024,26.1,0.47,5.12,4.4,3.92,28,15,7.2,0.3,12.2,1.1,7,0.39,0.43,0.29,26000,11000,1.8,25,3.2,2.2
Deep Bay,DM1,2007/9/10,1,Surface Water,2,3.4,0.021,28.3,0.38,3.02,2.3,2.62,28.5,28,5.6,0.8,19,2.2,7.2,0.3,0.21,0.51,200,80,3.7,53,1.9,2.2
Deep Bay,DM1,2007/10/8,1,Surface Water,20,2.9,0.067,23.1,1,9.21,9.2,6.71,29.6,10,10,0.3,12.2,3.9,7.1,0.79,0.009,0.003,38000,26000,2,28,6.7,8
Deep Bay,DM1,2007/11/9,1,Surface Water,4.1,1.6,0.017,15.1,0.53,5.59,5.1,4.69,22.4,7.4,5,0.7,23.8,2.2,6.7,0.47,0.25,0.24,3000,2000,5.1,67,4.2,2.1
Deep Bay,DM1,2007/12/8,1,Surface Water,7.9,2.5,0.021,16.2,0.77,9.06,8.8,7.16,18.9,9.4,5.5,0.1,23.7,3.5,6.5,0.63,0.12,0.14,32000,29000,3.1,39,6.9,3.1
Deep Bay,DM1,2008/1/7,1,Surface Water,53,7.7,0.019,51,0.66,8.64,8.2,6.74,18.2,25,4.2,0.5,21.1,9.3,6.8,0.41,0.19,0.25,24000,14000,3.4,41,6.3,6
Deep Bay,DM1,2008/2/25,1,Surface Water,3.4,11,0.022,67.7,0.49,4.38,3.5,3.38,16.7,110,4,1,24.4,12,7.5,0.3,0.29,0.59,2000,900,5.5,65,2.5,5.5
Deep Bay,DM1,2008/3/26,1,Surface Water,0.6,11,0.02,68.1,0.54,4.69,3.7,3.99,20.2,88,4.6,0.1,21.9,5.7,7.3,0.34,0.29,0.7,790,400,3.3,41,3,3.9
Deep Bay,DM1,2008/4/21,1,Surface Water,3.3,4.4,0.038,21.1,0.35,5.1,3.8,4.6,24.7,21,5.6,0.6,13.9,2.7,7.3,0.27,0.3,1,2800,1400,2.4,31,3.3,1.8
Deep Bay,DM1,2008/5/22,1,Surface Water,2.8,2.8,0.047,18.2,0.4,4.03,3.2,3.73,25,14,4.4,1,20,2.3,7.5,0.34,0.21,0.62,3600,1000,4.1,56,2.9,1.1
Deep Bay,DM1,2008/6/24,1,Surface Water,70,13,0.156,29.4,0.34,3.43,2.4,2.23,30.4,26,6.6,0.6,4.4,16,8.3,0.16,0.31,0.72,2700,1900,9.4,128,1.2,4.7
Deep Bay,DM1,2008/7/21,1,Surface Water,14,9,0.027,34.7,0.24,3.48,2.5,2.78,31,38,5.9,0.1,4.8,13,7.3,0.15,0.34,0.64,2000,1200,6.1,85,1.8,3.4
Deep Bay,DM1,2008/8/18,1,Surface Water,22,6.5,0.016,29.1,0.32,3.94,3,3.04,31.5,28,3.4,0.5,10.2,11,6.9,0.23,0.42,0.52,1700,640,6.4,91,2.1,2.5
Deep Bay,DM1,2008/9/17,1,Surface Water,4.9,4.1,0.003,32.3,0.38,3.7,3.1,3.1,30.6,24,6.3,0.1,16.8,4.8,6.2,0.31,0.23,0.37,670,400,1.6,23,2.5,1.4
Deep Bay,DM1,2008/10/15,1,Surface Water,5.4,4.1,0.078,27.7,0.35,3.85,3.3,3.45,26,24,5.9,0.1,20.7,2.4,7.7,0.27,0.22,0.33,1000,510,3.7,51,2.9,1.7
Deep Bay,DM1,2008/11/14,1,Surface Water,32,8.4,0.064,31,0.37,4.12,3.4,3.02,22,50,2.1,0.7,23.3,9.4,7.9,0.28,0.32,0.4,2000,1000,7.7,101,2.3,2.3
Deep Bay,DM1,2008/12/11,1,Surface Water,130,16,0.053,31.9,0.45,5.49,5,4.29,18.6,50,1.1,0.6,23,37,7.7,0.27,0.29,0.2,28000,19000,9.1,111,3.8,7.1
Deep Bay,DM1,2009/1/12,1,Surface Water,190,31,0.034,104.4,0.81,8.64,7.9,5.94,13.8,220,3,0.7,22.7,35,7.5,0.24,0.33,0.41,19000,10000,6,67,5.2,5.6
Deep Bay,DM1,2009/2/11,1,Surface Water,3.5,28,0.012,37.8,0.62,5.26,4.3,4.36,21,180,5.2,0.1,22.2,21,6.9,0.32,0.3,0.66,4700,3600,1,13,3.4,4.8
Deep Bay,DM1,2009/3/4,1,Surface Water,1.7,4,0.02,24.6,0.56,5.34,4.4,5.34,20.5,24,6.1,0.6,20.9,1.2,7.1,0.52,0.23,0.71,2200,1500,3.3,41,4.4,2.5
Deep Bay,DM1,2009/4/15,1,Surface Water,2.5,3.4,0.04,17.6,0.25,2.66,1.5,2.36,25,12,4.8,0.5,23.3,3.7,7.9,0.19,0.22,0.94,100,66,5.6,77,1.2,1.9
Deep Bay,DM1,2009/5/15,1,Surface Water,2.8,4.3,0.017,26.5,0.36,2.91,2,2.51,27.8,22,3.6,0.8,21,3.3,7.2,0.3,0.21,0.7,180,98,4.8,69,1.6,2
Deep Bay,DM1,2009/6/22,1,Surface Water,16,8,0.108,99.6,0.65,6.08,5.7,5.18,30.6,38,8.5,0.1,8.2,7.5,7.4,0.46,0.23,0.15,2400,1800,3.3,46,4.8,4
Deep Bay,DM1,2009/7/23,1,Surface Water,3.4,3.6,0.033,18.8,0.29,2.91,2.1,2.51,30.5,12,6.9,0.4,11,4.4,7.4,0.25,0.3,0.51,1700,820,2.7,39,1.7,1.8
Deep Bay,DM1,2009/8/20,1,Surface Water,4.6,3.7,0.033,14.4,0.32,2.94,2,2.64,33.2,12,8.2,0.4,11.3,3.4,7.3,0.25,0.34,0.6,1200,520,4.8,71,1.7,2.1
Deep Bay,DM1,2009/9/23,1,Surface Water,12,13,0.092,27.1,0.53,5.17,4.7,4.87,29.3,52,8.3,0.2,11.2,9.4,7.4,0.44,0.26,0.21,4200,1900,3.9,54,4.4,5.4
Deep Bay,DM1,2009/10/19,1,Surface Water,9.8,5,0.093,25.2,0.45,4.49,3.9,4.29,26.7,24,4.6,0.5,22.1,4.9,7.7,0.38,0.26,0.33,990,620,4.9,70,3.7,2.4
Deep Bay,DM1,2009/11/16,1,Surface Water,5.5,4.5,0.057,28.5,0.78,9.15,8.8,8.45,19.5,18,8.2,0.3,19.4,3.3,7.3,0.65,0.17,0.18,22000,17000,4.1,50,8.1,3.5
Deep Bay,DM1,2009/12/5,1,Surface Water,180,24,0.064,95.6,0.94,11.44,11,8.74,19,91,3.9,0.2,16.7,34,7.3,0.46,0.2,0.24,55000,35000,5.1,60,8.3,13
Deep Bay,DM1,2010/1/15,1,Surface Water,1.1,3.4,0.021,24.4,0.5,6.63,6,6.23,15.6,24,6.1,0.5,21.3,3.2,7.2,0.39,0.27,0.36,31000,24000,4.5,51,5.6,3.2
Deep Bay,DM1,2010/2/6,1,Surface Water,1.4,2.9,0.043,47.5,0.46,5.92,4.7,5.62,19.6,27,7,0.2,19.5,3.9,7.5,0.41,0.5,0.72,2100,2000,5.9,72,4.4,4.7
Deep Bay,DM1,2010/3/5,1,Surface Water,1.5,16,0.028,115.2,0.42,3.79,2.6,3.49,24.4,130,5.6,0.1,22.1,8.7,7.4,0.34,0.39,0.8,880,580,4.8,65,2.3,7
Deep Bay,DM1,2010/4/15,1,Surface Water,1.5,4.5,0.017,24.8,0.51,4.12,3.1,3.82,21.8,26,5.3,0.2,22.1,3.7,7.2,0.41,0.36,0.66,4700,2800,5.2,68,2.8,3.4
Deep Bay,DM1,2010/5/19,1,Surface Water,3.6,5.4,0.014,30.9,0.33,2.75,1.5,2.35,28.1,33,5,2,14.3,6.1,7.3,0.24,0.34,0.91,460,210,4.3,60,1.1,2.2
Deep Bay,DM1,2010/6/14,1,Surface Water,3.1,4.1,0.019,25.5,0.41,3.36,2.4,2.96,29.1,24,7.9,0.8,11.1,2.9,7.1,0.35,0.28,0.68,1200,560,4.3,59,2,2.1
Deep Bay,DM1,2010/7/15,1,Surface Water,4.1,3.2,0.015,25.8,0.22,1.99,0.83,1.74,30.5,19,6.1,0.6,10.7,5,7.5,0.19,0.32,0.84,330,100,4.3,61,0.58,1.5
Deep Bay,DM1,2010/8/11,1,Surface Water,12,3.4,0.023,22,0.24,2.26,1.6,1.96,31,18,4.3,0.2,17.2,4.5,7.3,0.19,0.21,0.45,810,220,2.5,37,1.3,1.7
Deep Bay,DM1,2010/9/9,1,Surface Water,9.3,3.3,0.052,23.2,0.36,4.9,4.2,4.2,30.9,16,10,0.2,11.5,5.3,7.2,0.29,0.36,0.34,10000,3800,2.7,39,3.5,1.7
Deep Bay,DM1,2010/10/6,1,Surface Water,2.7,2.6,0.023,21,0.31,4.17,3.3,3.47,25.3,14,8.3,0.2,16.8,2,7.2,0.26,0.37,0.5,10000,4900,3.5,46,2.6,20
Deep Bay,DM1,2010/11/8,1,Surface Water,3.7,6.7,0.023,58.3,0.37,4.37,3.2,3.97,22,56,4.1,0.5,20.8,6.3,7.3,0.23,0.46,0.71,4400,2700,5.2,67,2.8,2.5
Deep Bay,DM1,2010/12/6,1,Surface Water,11,4.4,0.028,29,0.42,6.38,5.5,5.88,22.8,24,6.4,0.5,18.4,4.9,7.1,0.31,0.32,0.56,6900,3500,3.1,40,5,2.5
Deep Bay,DM1,2011/1/6,1,Surface Water,3.1,5.7,0.023,35.3,0.56,9.02,8.3,8.32,14.5,35,8.6,0.5,17.4,3.9,7.1,0.37,0.23,0.49,51000,33000,3.7,40,7.6,4
Deep Bay,DM1,2011/2/7,1,Surface Water,26,6.8,0.043,50.7,0.36,4.33,3.5,3.43,18,46,2.5,0.5,16,15,7.7,0.18,0.18,0.65,820,460,9.3,108,2.6,4.4
Deep Bay,DM1,2011/3/9,1,Surface Water,0.4,3.2,0.011,18.2,0.34,5.35,4.2,4.85,18.2,24,5,0.6,20.3,3.2,7,0.3,0.46,0.69,1000,710,4.7,56,3.7,1.2
Deep Bay,DM1,2011/4/21,1,Surface Water,31,4.6,0.023,14,0.33,2.93,2.3,2.43,24.5,22,1.5,0.8,20.9,7.8,7.4,0.24,0.22,0.41,150,110,5.9,79,1.8,3.5
Deep Bay,DM1,2011/5/6,1,Surface Water,6,3.3,0.012,18.3,0.43,3.2,2.3,2.7,27,17,5.9,0.8,17.7,4.8,7,0.36,0.35,0.55,1100,470,3.7,52,1.8,2.8
Deep Bay,DM1,2011/6/3,1,Surface Water,10,3.8,0.022,19.9,0.37,2.13,1.6,1.53,29.3,16,4.3,0.6,22,5.3,7.5,0.27,0.14,0.39,140,60,4.7,69,1,2.5
Deep Bay,DM1,2011/7/4,1,Surface Water,3.2,5,0.032,26.5,0.39,3.9,2.8,3.4,31.1,30,6.3,0.5,6,1.4,7.2,0.26,0.47,0.63,3500,1800,2.7,37,2.3,1.9
Deep Bay,DM1,2011/8/1,1,Surface Water,0.9,3.1,0.022,22.2,0.33,2.85,2,2.35,29.5,18,6.5,0.7,15.9,2.5,7.3,0.25,0.31,0.54,4100,1800,2.6,38,1.5,1
Deep Bay,DM1,2011/9/1,1,Surface Water,2.7,5.3,0.021,25.7,0.37,3.1,1.9,2.6,30.2,40,5.9,0.8,16.3,4.9,7.3,0.28,0.48,0.72,290,89,3.3,47,1.4,1.6
Deep Bay,DM1,2011/10/17,1,Surface Water,4.1,5.3,0.027,15.6,0.38,4.69,3.3,3.89,26.1,35,8,1,12.2,2.8,7.2,0.29,0.4,0.99,34000,23000,2.8,37,2.5,3.1
Deep Bay,DM1,2011/11/11,1,Surface Water,1.1,3,0.022,10.8,0.34,4.18,3,3.48,22.4,13,4.2,1,17.7,1.1,7.3,0.29,0.42,0.76,16000,8800,5,64,2.3,1.9
Deep Bay,DM1,2011/12/10,1,Surface Water,11,4.3,0.034,17.1,0.31,4.91,2.4,4.21,17,24,2.4,0.5,20.5,4.7,7.9,0.22,0.51,2,1100,890,9.1,106,1.7,2.8
Deep Bay,DM1,2012/1/14,1,Surface Water,1.4,7.6,0.01,29.4,0.46,7,5.1,5.7,16.2,51,6.7,0.7,18.9,4.8,6.9,0.32,0.6,1.3,7000,6200,3.9,45,3.8,2.9
Deep Bay,DM1,2012/2/10,1,Surface Water,2,2.6,0.006,13.1,0.29,4,1.9,3.7,15.3,16,3.4,1.1,23.1,2.2,7.2,0.24,0.5,1.6,290,250,6.8,78,1.6,1.5
Deep Bay,DM1,2012/3/12,1,Surface Water,1,9,0.004,39.6,0.33,3.4,2.1,2.8,16.1,73,4.3,0.7,22.8,5.9,7,0.21,0.3,1,610,360,5.8,68,1.5,3.4
Deep Bay,DM1,2012/4/25,1,Surface Water,3.1,3.6,0.012,21.6,0.27,3.44,1.8,2.94,25.9,27,7.5,0.8,14.1,2,7.2,0.22,0.34,1.3,610,400,6.8,91,1.3,2
Deep Bay,DM1,2012/5/10,1,Surface Water,3.6,2.5,0.02,14.7,0.3,3.9,2.1,3.5,30.7,15,8.5,0.5,8.6,1.2,7.2,0.25,0.5,1.3,520,220,6,84,1.7,1.9
Deep Bay,DM1,2012/6/7,1,Surface Water,2.1,2.9,0.008,18.6,0.23,2.61,1.2,2.25,29.8,21,5,0.9,16.6,1.2,7.1,0.19,0.31,1.1,120,61,5.2,75,0.84,0.6
Deep Bay,DM1,2012/7/12,1,Surface Water,27,11,0.038,27.5,0.62,11.41,9.8,7.21,31.3,45,17,0.6,0.7,9.6,6.9,0.37,0.77,0.84,91000,56000,2.5,33,5.6,4.8
Deep Bay,DM1,2012/8/2,1,Surface Water,5.3,2.1,0.018,28.4,0.25,2.84,1.5,2.74,31.4,11,12,0.5,8.7,1.4,7.2,0.2,0.37,0.97,6500,3300,3.4,48,1.4,1.2
Deep Bay,DM1,2012/9/3,1,Surface Water,2.4,4,0.016,34.3,0.27,2.97,1.4,2.54,30.6,31,7.7,1.1,14.2,2.1,7.3,0.22,0.57,1,500,140,4.1,59,0.97,1.9
Deep Bay,DM1,2012/10/5,1,Surface Water,1.7,12,0.013,70.6,0.36,3.35,1.5,2.84,27.1,68,7.5,1.2,18.7,1.1,7.4,0.25,0.45,1.4,690,290,4.5,63,0.99,2.3
Deep Bay,DM1,2012/11/15,1,Surface Water,6.1,11,0.011,68.3,0.35,3.48,1.7,2.98,23.7,100,6.4,0.8,21.3,6.6,7.3,0.21,0.48,1.3,1200,840,5.6,74,1.2,3.3
Deep Bay,DM1,2012/12/15,1,Surface Water,1.9,15,0.009,43.8,0.36,5.18,3.3,4.28,20.8,140,8.2,0.6,18.7,10,7,0.18,0.68,1.2,7800,5600,3.7,46,2.4,4.5
Deep Bay,DM1,2013/1/9,1,Surface Water,130,17,0.07,49.2,0.42,6.93,4.9,5.43,17.3,70,3.7,0.9,16.8,15,7.8,0.17,0.63,1.4,46000,25000,9.1,105,3.4,11
Deep Bay,DM1,2013/2/2,1,Surface Water,7.5,29,0.02,123.1,0.7,7.19,6.4,5.49,20.8,200,6.2,1,16.5,9.2,7,0.27,0.27,0.52,16000,14000,2.3,28,4.7,5.2
Deep Bay,DM1,2013/3/18,1,Surface Water,9.3,9.2,0.003,30.6,0.25,2.44,1.1,1.85,22.8,44,4.1,0.1,21.1,15,7.2,0.13,0.14,1.2,770,450,5.4,71,0.51,2.3
Deep Bay,DM1,2013/4/12,1,Surface Water,1,8.7,0.006,24.7,0.22,3.24,2.1,2.44,19.4,30,5.4,0.2,17,1.9,7.1,0.15,0.23,0.91,5100,3700,4.4,53,1.3,2.3
Deep Bay,DM1,2013/5/15,1,Surface Water,2.6,5.1,0.016,21,0.26,2.65,1.3,2.29,27.8,25,8.3,1,15.3,2.6,7.4,0.2,0.25,1.1,280,120,5.4,74,0.94,2
Deep Bay,DM1,2013/6/24,1,Surface Water,2.5,7.8,0.033,51.8,0.53,6.35,6.1,4.85,27.6,39,11,0.5,3.7,3.4,7,0.29,0.089,0.16,560000,220000,1.5,19,4.6,3.6
Deep Bay,DM1,2013/7/11,1,Surface Water,2.5,2.5,0.025,20.2,0.3,2.79,1.4,2.24,31,17,10,0.5,7.3,3.9,7.6,0.27,0.39,1,450,200,4.2,59,0.85,1.5
Deep Bay,DM1,2013/8/7,1,Surface Water,6.5,3.3,0.019,15.4,0.28,2.81,1.8,2.11,31.1,21,8.6,1,10.8,2.7,7.3,0.22,0.37,0.64,2100,720,4.5,64,1.1,2
Deep Bay,DM1,2013/9/5,1,Surface Water,2.6,3.5,0.034,22.6,0.23,3.73,3.1,3.33,26.9,20,9.2,0.5,6,2.5,7.3,0.16,0.16,0.47,88000,29000,3.7,47,2.7,2
Deep Bay,DM1,2013/10/7,1,Surface Water,4.1,11,0.029,71.7,0.36,2.97,1.8,2.57,26.9,95,8,1.3,18.3,6,7.6,0.23,0.41,0.76,2900,850,4.4,61,1.4,4.3
Deep Bay,DM1,2013/11/6,1,Surface Water,5.2,5.5,0.026,55.2,0.29,3.31,1.8,2.91,23.9,35,6,1,19.4,5.7,7.6,0.23,0.41,1.1,5300,3300,4.2,55,1.4,2.5
Deep Bay,DM1,2013/12/11,1,Surface Water,5.3,4.1,0.029,18.9,0.44,10.85,8.3,9.85,20,19,13,0.6,12.6,5,7,0.37,0.85,1.7,270000,180000,2.5,30,7.3,4.8
Deep Bay,DM1,2014/1/2,1,Surface Water,1.7,10,0.011,32.5,0.39,5.24,3.9,4.74,15.8,84,6.9,1.5,20.6,3.7,7.1,0.17,0.52,0.82,17000,11000,3.7,42,3.4,6.3
Deep Bay,DM1,2014/2/19,1,Surface Water,8.2,12,0.016,43.2,0.28,6.64,3.6,5.74,14.3,83,6.6,1,18.8,10,7.4,0.19,0.54,2.5,2000,1300,5.9,65,2.7,6.7
Deep Bay,DM1,2014/3/19,1,Surface Water,3.1,6.5,0.006,48.2,0.22,2.97,1.5,2.57,20.4,57,5.3,1,24.4,5,7.2,0.13,0.17,1.3,3100,2300,3.9,50,1.1,2
Deep Bay,DM1,2014/4/2,1,Surface Water,3.4,8.4,0.017,41.2,0.18,3.67,2.5,2.87,21.3,60,6,0.7,12.5,3.3,7.4,0.11,0.17,1,13000,9300,2.4,29,1.7,4.1
Deep Bay,DM1,2014/5/2,1,Surface Water,3,5.1,0.022,25.1,0.26,3.4,2.2,2.6,25.3,37,7.1,1.5,17.4,1,7.4,0.19,0.25,0.95,430,220,4.5,60,1.4,2.3
Deep Bay,DM1,2014/6/4,1,Surface Water,4.4,5.6,0.049,37.2,0.43,4.9,3.8,4,30.6,33,10,1.5,4.5,9.9,7.3,0.32,0.56,0.54,67000,260,2.7,37,2.9,1.9
Deep Bay,DM1,2014/7/11,1,Surface Water,12,4.7,0.037,22.5,0.37,3.71,2.9,3.41,32.1,23,11,1.2,6.8,8.4,7.2,0.3,0.29,0.52,9900,4500,2.6,37,2.6,2.6
Deep Bay,DM1,2014/8/8,1,Surface Water,8.2,14,0.076,34.1,0.5,6.8,6,5.3,30.9,95,12,1.5,3.5,9.9,7.3,0.3,0.42,0.38,250000,140000,1.3,18,4.5,2.8
Deep Bay,DM1,2014/9/10,1,Surface Water,4,1.6,0.015,13.8,0.23,2.43,1,2.36,31.1,17,7.7,1.5,15.8,1,7.3,0.19,0.48,0.95,150,72,3.5,52,0.93,1.6
Deep Bay,DM1,2014/10/23,1,Surface Water,17,2.8,0.028,15.1,0.24,3.2,1.7,2.43,27.1,15,5.5,1.5,21.8,5.4,7.7,0.19,0.3,1.2,820,290,3.7,52,0.93,2.8
Deep Bay,DM1,2014/11/7,1,Surface Water,5.4,3.4,0.014,28.2,0.31,3.31,1.6,2.91,23.8,27,7.6,1.5,19.1,2.9,7.4,0.23,0.41,1.3,560,350,4.3,56,1.2,2
Deep Bay,DM1,2014/12/6,1,Surface Water,6.6,3.8,0.014,12.6,0.3,3.8,2.6,2.8,18.1,23,4.7,1.7,20.8,2.2,7.5,0.24,0.29,0.91,690,410,6.1,73,1.6,1.7
Deep Bay,DM1,2015/1/19,1,Surface Water,56,15,0.004,30.9,0.26,4.03,2.5,2.83,17.2,75,5.1,0.2,20.4,12,6.8,0.16,0.23,1.3,12000,6700,4.4,51,1.3,7.1
Deep Bay,DM1,2015/2/7,1,Surface Water,18,8,0.004,36.4,0.27,3.37,1.7,2.48,15.8,47,7,1.5,20.9,11,7.3,0.15,0.17,1.5,1200,880,6.4,73,0.81,3.6
Deep Bay,DM1,2015/3/5,1,Surface Water,4.1,17,0.007,81.3,0.48,4.23,1.9,3.43,18.6,150,6.4,0.7,20.5,8.7,7.3,0.2,0.13,2.2,7500,4700,6.9,83,1.1,3.8
Deep Bay,DM1,2015/4/25,1,Surface Water,8.4,3,0.028,21,0.37,5.13,4,4.13,24.7,13,7.1,1.3,20.1,8.1,7.3,0.28,0.28,0.85,5000,2900,4.6,62,3,2.7
Deep Bay,DM1,2015/5/9,1,Surface Water,4.9,6.9,0.012,41.4,0.23,2.28,1,1.91,28.6,56,6.1,0.5,17,7.2,7.4,0.18,0.18,1.1,490,170,5.2,74,0.63,2.5
Deep Bay,DM1,2015/6/13,1,Surface Water,50,18,0.074,44.5,0.58,4.91,3.5,3.21,31.1,68,14,1,4.3,37,7.7,0.29,0.89,0.52,1100,560,5.9,82,1.8,5.7
Deep Bay,DM1,2015/7/18,1,Surface Water,4.5,3.7,0.007,13.1,0.43,2.95,2.1,2.15,31.7,22,11,1.2,14.7,1.5,6.8,0.31,0.35,0.5,2800,1500,3.7,55,1.3,1.6
Deep Bay,DM1,2015/8/3,1,Surface Water,5.3,2.6,0.003,16.5,0.23,2.72,0.88,2.28,31,15,9.3,1,9.2,2.9,6.9,0.16,0.64,1.2,170,90,3.4,49,0.44,2
Deep Bay,DM1,2015/9/12,1,Surface Water,6.8,2.8,0.014,12.9,0.35,3.06,1.6,2.56,29.6,16,9.1,0.6,14.8,4.3,7.2,0.26,0.63,0.83,830,230,4.5,64,1.1,3.4
Deep Bay,DM1,2015/10/10,1,Surface Water,7.4,3.6,0.013,10.5,0.43,4.6,3.1,2.8,27.1,16,13,1.1,8.6,3.4,7.2,0.28,0.63,0.87,2500,800,3.4,45,1.3,2.2
Deep Bay,DM1,2015/11/7,1,Surface Water,8.4,5,0.012,10.4,0.45,4.48,3.1,2.98,26.8,17,8.2,1,15.3,4.6,7.1,0.31,0.52,0.86,47000,32000,3,41,1.6,2.5
Deep Bay,DM1,2015/12/5,1,Surface Water,8.5,6.4,0.015,15.3,0.36,4.83,3.2,3.33,22.2,34,8.6,0.8,16.8,3.4,7.3,0.25,0.53,1.1,200000,180000,3.1,39,1.7,3.6
Deep Bay,DM1,2016/1/11,1,Surface Water,20,4.7,0.03,15.1,0.33,4.07,3.1,2.57,19.4,25,3,1.5,18.6,6.4,7.8,0.2,0.31,0.66,11000,8100,5.6,68,1.6,2.8
Deep Bay,DM1,2016/2/3,1,Surface Water,1.7,6.6,0.006,11.9,0.44,6.97,5.2,4.37,15.3,15,8.7,1,20.6,2,7,0.22,0.67,1.1,560000,360000,3.6,41,2.6,6
Deep Bay,DM1,2016/3/16,1,Surface Water,9.9,4.8,0.006,20,0.26,4.22,2.5,3.12,15.8,26,7.8,1,16,3.9,7.2,0.18,0.32,1.4,8400,6800,4.7,52,1.4,3.5
Deep Bay,DM1,2016/4/13,1,Surface Water,2,9.1,0.017,36,0.34,5.24,4.8,4.04,22.5,66,11,1.2,5,5.1,7,0.2,0.1,0.34,250000,210000,2,24,3.6,5
Deep Bay,DM1,2016/5/12,1,Surface Water,1.1,3.8,0.007,16.7,0.33,2.9,2.1,2.1,27.4,23,10,1.5,7.6,2.9,6.9,0.33,0.17,0.63,4800,1600,3.6,48,1.3,1.3
Deep Bay,DM1,2016/6/3,1,Surface Water,3.6,17,0.021,64.8,0.47,5.34,4.2,3.04,31.4,150,14,1.2,4,5.8,7.1,0.41,0.76,0.38,12000,6100,3.4,47,1.9,6.1
Deep Bay,DM1,2016/7/13,1,Surface Water,3.7,13,0.007,108.2,0.79,6.6,6.2,2.8,28,86,14,1,0.2,9.1,6.6,0.19,0.35,0.045,1100000,550000,1.9,24,2.4,11
Deep Bay,DM1,2016/8/3,1,Surface Water,4.8,3.7,0.012,25.3,0.29,3.83,3.1,2.53,27.5,29,8,1.5,4.8,4.7,7,0.19,0.26,0.47,17000,8600,5.9,76,1.8,1.6
Deep Bay,DM1,2016/9/1,1,Surface Water,4.1,3.4,0.007,28.5,0.43,2.22,1.4,1.55,29.6,25,8.4,1.4,15.3,3.4,7.1,0.24,0.25,0.57,1100,530,5.8,83,0.73,1.9
Deep Bay,DM1,2016/10/8,1,Surface Water,16,5.4,0.014,17.8,0.47,6.78,5.1,4.48,29.3,21,21,1.7,6.6,5.5,6.8,0.34,0.58,1.1,95000,58000,7,94,2.8,5
Deep Bay,DM1,2016/11/2,1,Surface Water,3.7,12,0.009,68.3,0.37,3.57,2.1,3.07,24.7,95,8.4,1.7,14.9,6.2,7,0.2,0.47,1,2300,1800,7,91,1.6,4.3
Deep Bay,DM1,2016/12/3,1,Surface Water,3.7,4.1,0.017,21.9,0.29,4.72,3,3.52,21,29,10,1,15.9,2.4,7.3,0.23,0.42,1.3,7800,3500,3.9,48,1.8,2.7
Deep Bay,DM1,2017/1/7,1,Surface Water,29,6.8,0.031,16.9,0.75,9.5,9,5.7,23.1,22,12,1,6.8,7.9,7.1,0.41,0.4,0.1,310000,240000,1.8,22,5.2,8
Deep Bay,DM1,2017/2/1,1,Surface Water,7.8,13,0.005,42.7,0.38,4.24,2.1,3.34,19.2,110,7.1,1.5,17.7,6.2,7,0.15,0.34,1.8,7800,4500,4.5,54,1.2,4.9
Deep Bay,DM1,2017/3/6,1,Surface Water,42,9.8,0.013,15.5,0.35,5.3,3.5,3.8,20.5,30,7.1,1.5,17.1,9.5,7.2,0.22,0.5,1.3,22000,9700,7.1,87,2,4.9
Deep Bay,DM1,2017/4/8,1,Surface Water,17,4,0.01,17.3,0.26,4.34,2.7,3.14,24,22,7,1.7,16.3,7.5,7.1,0.23,0.34,1.3,1500,1100,4,53,1.5,3.7
Deep Bay,DM1,2017/5/10,1,Surface Water,82,10,0.074,31,0.41,4.4,3.5,2.3,27.9,58,3.4,0.3,10.3,15,7.9,0.2,0.25,0.65,16000,10000,8.5,115,1.4,6.6
Deep Bay,DM1,2017/6/7,1,Surface Water,4.1,6.6,0.024,18,0.44,3.98,2.7,2.88,31.3,26,11,1,9,3.7,7.2,0.33,0.41,0.87,8000,3100,4.1,58,1.6,3.4
Deep Bay,DM1,2017/7/10,1,Surface Water,8.8,4.5,0.018,17.9,0.35,3.84,2.9,3.04,30.1,22,12,1,3.2,7.3,7,0.23,0.42,0.52,6000,2600,5,68,2.1,1.8
Deep Bay,DM1,2017/8/11,1,Surface Water,19,6.4,0.015,21,0.29,2.96,1.7,2.36,31.1,45,4.2,1.5,8.2,5.4,7.2,0.16,0.63,0.63,1400,780,4.6,65,1.1,4.8
Deep Bay,DM1,2017/9/8,1,Surface Water,1.3,4,0.007,19.2,0.41,2.76,1.7,2.36,29.6,36,9.8,1.5,8.7,3.6,6.8,0.22,0.5,0.56,8200,3000,2.3,31,1.3,3
Deep Bay,DM1,2017/10/6,1,Surface Water,5.6,3.2,0.01,16.2,0.32,2.54,1.4,2.02,30.2,24,7.8,1.5,13.4,3.4,7.2,0.27,0.46,0.68,1900,670,4.2,60,0.88,1.8
Deep Bay,DM1,2017/11/6,1,Surface Water,11,6.3,0.007,28,0.21,2.19,0.78,1.99,22.9,60,3.2,1.5,22.9,9.5,7.4,0.19,0.31,1.1,880,330,7.3,97,0.58,2
Deep Bay,DM1,2017/12/4,1,Surface Water,7.2,8,0.008,48.1,0.35,3.4,1.6,3.1,22.2,69,6,1,21.7,6.8,7.2,0.2,0.4,1.4,5800,3200,4.6,60,1.3,3.5
Deep Bay,DM1,2018/1/3,1,Surface Water,6.9,14,0.004,54.1,0.28,3.05,0.93,2.69,19.1,98,4.7,1.8,23.3,8.6,7.3,0.13,0.22,1.9,790,490,5.8,72,0.57,2.2
Deep Bay,DM1,2018/2/22,1,Surface Water,2.5,7,0.002,25.7,0.24,3.12,0.89,2.74,18.8,49,5.8,1.1,22,6.4,7,0.12,0.13,2.1,340,190,5.3,65,0.51,2.3
Deep Bay,DM1,2018/3/1,1,Surface Water,5.7,3.3,0.003,24.2,0.24,3.65,1.1,3.19,22.1,28,5.7,1,18.6,4.4,6.9,0.14,0.15,2.4,2500,1600,4.7,60,0.64,2.4
Deep Bay,DM1,2018/4/11,1,Surface Water,7.3,19,0.003,33.7,0.18,2.85,0.86,2.44,24.4,26,3.8,1,16.6,6.7,7.1,0.1,0.093,1.9,770,390,8.5,112,0.45,3.3
Deep Bay,DM1,2018/5/9,1,Surface Water,9,9,<0.001,29.9,0.36,5.52,4,1.54,26.7,34,5.5,1.5,7,4.4,6.9,0.19,0.32,1.2,600000,200000,1.5,20,0.016,4
Deep Bay,DM1,2018/6/15,1,Surface Water,4.6,3,0.008,14.9,0.26,2.96,1.8,2.46,28.9,21,9,1,8.3,3.7,6.9,0.24,0.59,0.57,7500,3500,3.1,42,1.3,1.9
Deep Bay,DM1,2018/7/4,1,Surface Water,3.7,9,0.026,43.5,0.34,4.8,2.7,4,29.6,59,18,1.2,3.2,7.8,7.2,0.32,1,1.1,17000,8700,4.1,55,1.9,4
Deep Bay,DM1,2018/8/1,1,Surface Water,2.2,4.3,0.005,22.1,0.33,2.57,0.83,2.14,31.6,28,11,1.5,10.5,3.1,7.1,0.21,0.95,0.79,360,210,3.4,49,0.4,2.4
Deep Bay,DM1,2018/9/10,1,Surface Water,2.6,3.4,0.01,13.4,0.21,3.21,1.6,2.61,28.8,22,11,1.2,9.1,3.5,7.1,0.099,0.61,1,1800,1100,4.3,58,1,1.9
Deep Bay,DM1,2018/10/8,1,Surface Water,5.6,5.7,0.009,12.9,0.23,3.42,1.4,2.48,28.7,28,9,1,15.7,4.4,7.5,0.16,0.42,1.6,980,480,3.5,50,0.46,2
Deep Bay,DM1,2018/11/7,1,Surface Water,1.9,5.9,0.006,12.8,0.2,2.33,0.59,2.17,25.8,29,5.7,1,21.5,2.5,7.5,0.16,0.14,1.6,110,49,4.8,66,0.43,0.8
Deep Bay,DM1,2018/12/8,1,Surface Water,1.6,6.1,0.004,38.2,0.3,3.18,1,2.65,20.8,57,8.6,1,18,3.8,7.4,0.22,0.18,2,880,440,4.8,60,0.47,1.6
